id uczestnika,pesel
1,41181834098
2,64076261401
3,59067443059
4,98815454721
5,58082058328
6,31124664898
7,20446153011
8,90209311726
9,32394878491
10,52260364672
11,88894011131
12,69666943108
13,62883235146
14,81602730343
15,64093126710
16,75461471969
17,72003755281
18,68064763872
19,65819860409
20,25031173459
21,22288229431
22,38631587219
23,97455624870
24,93043116161
25,83047571778
26,48021725542
27,85392519548
28,19984900346
29,94469879496
30,55610317995
31,32675474056
32,65688741506
33,70870387065
34,28706571741
35,82415070696
36,70914940266
37,19651990587
38,95050337050
39,58965222831
40,36285680180
41,88181507231
42,18208887106
43,80089197818
44,14124012178
45,11161161027
46,30284483664
47,29004291662
48,87062403872
49,13257714096
50,51621412555
51,71742805505
52,90204554213
53,69230706217
54,57063529109
55,30207014377
56,88097706463
57,57092596541
58,64046130110
59,45412492871
60,94605370940
61,48433850809
62,20278045974
63,31837423538
64,41424842851
65,70356670141
66,22997166157
67,95343761167
68,64831489131
69,66305267720
70,66917948620
71,76120811865
72,49275158191
73,97564132624
74,83848172794
75,34420467116
76,74484559712
77,83981908357
78,53461483226
79,68197776661
80,36016555099
81,63627907452
82,52870245897
83,93064010262
84,37726886785
85,84898390390
86,54189010714
87,56339718112
88,11532499022
89,52520927237
90,65618780836
91,28041348411
92,69605722791
93,22178677600
94,86529526090
95,20353912658
96,93391939349
97,89764280098
98,75807290168
99,89847140733
100,90887885660
101,52478893154
102,40748280801
103,66047373530
104,14883863982
105,53845451560
106,29364744369
107,58658160090
108,35311767296
109,25440719771
110,81612014783
111,14842484159
112,26937816873
113,87445892573
114,32912326527
115,78888905864
116,43126826790
117,74025112512
118,97555246248
119,35491631540
120,50715478357
121,93498790158
122,81652624084
123,57689655978
124,54466744136
125,60649434658
126,71548666627
127,19011656686
128,89429428062
129,97051472925
130,72205845566
131,61524023419
132,90468086161
133,53023321541
134,69561038946
135,64177808033
136,37290625962
137,52314082432
138,63153941786
139,82212057718
140,63503842029
141,53583632217
142,46503475472
143,65268934164
144,30975866611
145,63805879427
146,54661552676
147,81141926780
148,85304789916
149,54494786827
150,69899922517
151,45373431436
152,95200335275
153,48335826314
154,84168166505
155,57516917339
156,11586347326
157,91003491812
158,91516000078
159,67322356938
160,28183564094
161,10530921785
162,18956090309
163,58883862998
164,83932704575
165,35316094723
166,12220958221
167,19904708585
168,78608726812
169,39802290623
170,80147701618
171,40674516274
172,19040253496
173,86850144325
174,86020065452
175,10710721159
176,70700940239
177,13468464081
178,15485126432
179,75988830507
180,15149566074
181,52938186904
182,90103680205
183,15367387115
184,39797034344
185,57525360792
186,57640400543
187,29996527103
188,74928102621
189,49843144680
190,34396473867
191,14779342408
192,83471297586
193,17526142848
194,33709713801
195,93341674658
196,29794210561
197,79073024512
198,65805082013
199,74323374839
200,17032869102
