numer dyspozytora,pesel
11,89857142029
12,71060496194
13,90491809611
14,87774488621
15,83882940234
16,18773587752
17,44092228124
18,47782255200
19,21196440441
20,23433598448
21,19295279581
22,95628173708
23,88100593333
24,20997050791
25,66896719835
26,46138365789
27,53406562375
28,22688309047
29,61561964018
30,54370814103
31,95736601193
32,91610545552
33,86556573721
34,89078714738
35,17082864519
36,67427262984
37,28802497697
38,69126814772
39,63725707223
40,43233394492
41,68460330041
42,14698001808
43,84362752091
44,60360553795
45,32518856120
46,99022548257
47,48856606240
48,56270388598
49,36910040622
50,93898672392
51,57001690280
52,74093052890
53,66179149256
54,27877835341
55,86505055294
56,31074709676
57,74395039705
58,37535689965
59,32941165862
60,24551436507
61,54937942184
62,62139642588
63,98613938051
64,20944895524
65,50925884683
66,30586910636
67,44229286539
68,94226028709
69,97995193846
70,18312897294
71,91176592100
72,13228265310
73,36122283861
74,49498694701
75,75372326714
76,15353104938
77,29293094782
78,55184218055
79,54591499212
80,85505804349
81,92017041842
82,20699657548
83,46865337098
84,33847210340
85,30801202183
86,34479014594
87,63861627694
88,95498955824
89,28194763523
90,96863222068
91,78779245150
92,47456183835
93,99936515610
94,51660237802
95,19889467903
96,10251766814
97,28574107668
98,92504360111
99,68941321561
100,16650238804
101,28748984101
102,87838758080
103,26020239562
104,11433721227
105,78128055665
106,33785068793
107,89758047964
108,39289096702
109,33997637613
110,83628710322
