id_interwencji,godziny_interwencji,dlugosc_interwencji,id_zgloszen
111,05:07:04,101,90
112,00:14:33,102,28
113,13:25:50,103,16
114,15:54:35,104,71
115,21:22:08,105,74
116,03:02:19,106,78
117,16:10:48,107,12
118,23:57:04,108,75
119,07:37:30,109,0
120,14:27:45,110,66
121,14:50:59,111,10
122,20:27:16,112,80
123,09:20:38,113,18
124,04:04:34,114,81
125,05:09:16,115,60
126,10:46:47,116,68
127,01:16:15,117,63
128,06:24:06,118,2
129,16:49:43,119,87
130,15:22:09,120,74
131,12:50:24,121,12
132,03:35:44,122,81
133,09:34:54,123,87
134,17:05:38,124,20
135,01:07:23,125,8
136,16:34:29,126,28
137,20:01:10,127,87
138,06:17:01,128,28
139,18:52:55,129,14
140,12:17:50,130,4
141,20:15:28,131,17
142,23:12:50,132,66
143,20:26:31,133,30
144,15:58:46,134,7
145,04:57:31,135,26
146,15:44:55,136,14
147,19:33:55,137,73
148,14:51:28,138,13
149,01:02:02,139,81
150,03:07:50,140,79
151,07:38:12,141,16
152,21:37:13,142,69
153,02:33:20,143,83
154,07:19:03,144,75
155,00:54:20,145,1
156,10:59:57,146,88
157,18:24:39,147,6
158,08:58:29,148,1
159,21:04:45,149,78
160,18:40:38,150,71
161,16:33:58,151,18
162,09:57:53,152,64
163,06:10:20,153,12
164,23:48:31,154,72
165,16:34:15,155,72
166,05:19:33,156,1
167,12:13:47,157,3
168,09:12:02,158,60
169,17:25:28,159,29
170,13:38:19,160,16
171,14:12:08,161,22
172,05:42:32,162,68
173,21:44:56,163,71
174,07:01:19,164,76
175,07:08:15,165,9
176,18:11:58,166,66
177,12:24:06,167,0
178,10:21:12,168,71
179,18:13:34,169,90
180,10:36:17,170,84
181,03:09:33,171,3
182,09:19:46,172,66
183,17:25:55,173,27
184,18:15:53,174,79
185,20:01:06,175,77
186,04:24:48,176,86
187,10:55:48,177,1
188,16:08:20,178,18
189,13:13:31,179,81
190,04:36:46,180,23
191,01:40:31,181,90
192,13:33:31,182,74
193,19:30:42,183,63
194,00:41:20,184,27
195,18:42:34,185,0
196,21:58:57,186,17
197,15:35:08,187,4
198,01:34:58,188,80
199,13:19:41,189,1
200,01:29:07,190,0
201,19:29:36,191,60
202,00:10:09,192,6
203,23:59:06,193,69
204,12:05:41,194,24
205,03:41:52,195,12
206,21:27:45,196,28
207,12:17:35,197,64
208,21:12:17,198,65
209,00:59:51,199,15
210,20:20:35,200,73
211,19:36:24,201,1
212,00:31:27,202,77
213,10:59:16,203,81
214,13:45:54,204,15
215,10:52:01,205,81
216,18:32:31,206,81
217,15:57:57,207,60
218,17:29:05,208,29
219,12:41:01,209,20
220,19:42:49,210,11
221,02:05:22,211,21
222,17:58:51,212,72
223,02:40:56,213,3
224,16:27:25,214,63
225,13:01:09,215,28
226,23:38:24,216,21
227,12:42:42,217,64
228,07:39:11,218,18
229,22:15:24,219,63
230,13:08:36,220,5
231,14:16:10,221,7
232,16:02:59,222,89
233,04:19:00,223,74
234,00:21:04,224,11
235,06:08:56,225,19
236,04:44:22,226,85
237,14:09:25,227,19
238,12:07:01,228,16
239,15:29:19,229,1
240,09:03:05,230,6
241,04:59:33,231,87
242,05:22:11,232,87
243,19:22:40,233,24
244,08:09:43,234,83
245,18:27:36,235,24
246,09:26:44,236,60
247,20:46:03,237,67
248,06:29:51,238,4
249,18:05:20,239,13
250,01:03:24,240,14
251,21:36:20,241,73
252,17:57:00,242,7
253,12:25:42,243,68
254,11:55:55,244,20
255,07:40:49,245,68
256,09:05:04,246,68
257,23:30:42,247,13
258,18:01:54,248,23
259,20:50:04,249,24
260,18:50:43,250,84
261,19:18:14,251,64
262,11:18:40,252,74
263,06:38:54,253,25
264,07:54:47,254,12
265,06:55:04,255,85
266,19:42:09,256,9
267,08:47:14,257,84
268,09:09:09,258,72
269,07:41:40,259,82
270,02:19:19,260,22
271,17:38:11,261,25
272,07:11:34,262,63
273,22:04:15,263,76
274,14:41:21,264,72
275,23:18:13,265,90
276,06:32:11,266,2
277,14:18:51,267,28
278,15:50:47,268,68
279,10:08:23,269,79
280,13:52:43,270,27
281,11:24:12,271,71
282,11:55:22,272,76
283,02:49:30,273,28
284,07:09:11,274,1
285,03:21:54,275,21
286,17:18:22,276,80
287,04:53:38,277,4
288,10:08:25,278,77
289,11:31:22,279,84
290,08:36:16,280,8
291,07:14:01,281,78
292,04:40:26,282,21
293,08:46:04,283,85
294,23:27:03,284,85
295,18:08:28,285,65
296,14:26:07,286,66
297,18:28:44,287,73
298,04:08:05,288,81
299,03:48:42,289,84
300,02:34:32,290,70
301,19:46:07,291,25
302,00:49:18,292,64
303,08:22:34,293,70
304,16:47:19,294,64
305,08:11:54,295,73
306,14:47:05,296,61
307,19:57:07,297,69
308,16:27:54,298,79
309,04:43:21,299,23
310,04:20:49,300,29
311,18:17:16,301,71
312,20:04:26,302,70
313,08:26:08,303,17
314,10:32:14,304,30
315,05:11:10,305,20
316,19:38:25,306,20
317,07:47:56,307,89
318,11:30:38,308,27
319,19:05:15,309,7
320,04:57:13,310,8
321,14:01:17,311,29
322,12:45:40,312,23
323,12:28:48,313,18
324,00:30:45,314,7
325,14:19:51,315,7
326,06:41:26,316,82
327,04:57:57,317,24
328,13:59:06,318,61
329,07:37:20,319,13
330,11:54:10,320,19
331,14:24:19,321,86
332,04:34:58,322,83
333,05:40:01,323,76
334,11:29:43,324,2
335,02:52:51,325,84
336,00:42:55,326,70
337,01:51:51,327,9
338,09:54:27,328,80
339,10:45:12,329,16
340,21:38:31,330,79
341,22:23:12,331,10
342,10:37:37,332,20
343,03:52:01,333,64
344,08:58:37,334,26
345,18:01:04,335,21
346,04:22:22,336,9
347,10:45:06,337,89
348,13:46:38,338,11
349,12:18:52,339,63
350,21:19:31,340,74
351,21:33:27,341,81
352,11:42:52,342,13
353,20:25:46,343,5
354,21:47:03,344,19
355,22:24:12,345,61
356,02:26:11,346,0
357,00:43:34,347,3
358,14:35:54,348,75
359,16:52:22,349,61
360,11:37:44,350,0
361,01:06:53,351,15
362,23:43:55,352,88
363,06:26:15,353,89
364,02:19:58,354,14
365,10:20:57,355,76
366,06:26:32,356,9
367,07:37:21,357,71
368,02:29:12,358,65
369,06:06:26,359,20
370,03:31:53,360,87
371,10:25:27,361,88
372,04:35:06,362,21
373,03:38:12,363,78
374,16:03:13,364,73
375,10:27:09,365,27
376,17:42:18,366,8
377,19:49:27,367,21
378,02:54:34,368,15
379,05:26:03,369,77
380,11:15:11,370,17
381,23:27:17,371,22
382,18:30:02,372,7
383,12:00:04,373,18
384,21:07:36,374,7
385,22:00:04,375,14
386,03:28:47,376,19
387,13:30:05,377,72
388,08:51:39,378,87
389,17:15:11,379,63
390,14:08:18,380,77
391,19:48:35,381,25
392,11:56:12,382,11
393,06:26:11,383,84
394,20:43:01,384,1
395,23:09:45,385,68
396,03:35:56,386,30
397,22:28:12,387,79
398,04:34:58,388,15
399,12:06:04,389,87
400,23:51:26,390,4
401,00:14:35,391,18
402,03:19:51,392,64
403,18:38:23,393,19
404,16:50:57,394,88
405,00:12:41,395,25
406,21:36:53,396,77
407,01:26:05,397,30
408,09:36:41,398,27
409,04:37:40,399,67
410,03:36:24,400,14
411,07:33:56,401,9
412,12:13:21,402,85
413,22:43:53,403,77
414,09:21:28,404,11
415,10:24:39,405,66
416,03:03:53,406,16
417,05:13:05,407,72
418,05:47:58,408,3
419,20:20:37,409,29
420,19:31:54,410,76
421,17:55:23,411,26
422,02:54:28,412,90
423,11:14:15,413,4
424,20:15:43,414,74
425,21:56:44,415,24
426,08:59:12,416,62
427,02:58:39,417,69
428,18:48:56,418,82
429,11:16:18,419,89
430,09:31:01,420,11
431,10:29:31,421,2
432,00:46:05,422,14
433,17:09:23,423,61
434,23:08:01,424,17
435,15:01:51,425,78
436,06:09:59,426,68
437,11:39:25,427,7
438,17:23:50,428,8
439,15:16:13,429,18
440,19:10:07,430,80
441,21:13:02,431,79
442,09:30:34,432,63
443,21:02:20,433,73
444,05:02:19,434,1
445,01:38:33,435,23
446,21:45:30,436,4
447,11:27:38,437,19
448,08:00:04,438,8
449,18:56:59,439,4
450,03:07:36,440,5
451,17:36:56,441,7
452,10:43:14,442,12
453,01:21:19,443,62
454,17:33:39,444,78
455,06:50:47,445,6
456,13:45:16,446,21
457,06:58:35,447,87
458,07:55:02,448,27
459,18:06:04,449,73
460,06:38:22,450,87
461,18:10:55,451,12
462,04:49:28,452,75
463,09:31:39,453,86
464,23:43:56,454,60
465,15:06:22,455,89
466,08:40:50,456,0
467,20:52:55,457,63
468,22:33:47,458,10
469,15:02:57,459,1
470,22:57:25,460,11
471,00:20:14,461,0
472,05:42:20,462,26
473,20:18:07,463,73
474,09:28:16,464,15
475,01:41:47,465,12
476,04:27:51,466,3
477,17:44:17,467,77
478,23:49:27,468,62
479,18:53:14,469,81
480,16:19:38,470,67
481,07:44:38,471,7
482,00:06:21,472,76
483,12:40:00,473,73
484,16:27:34,474,25
485,11:53:38,475,19
486,11:36:36,476,86
487,16:16:17,477,26
488,09:13:17,478,15
489,04:41:59,479,61
490,06:06:23,480,61
491,05:15:40,481,19
492,20:40:49,482,82
493,05:19:34,483,2
494,02:53:56,484,6
495,17:06:35,485,2
496,16:29:16,486,14
497,16:14:19,487,9
498,16:04:23,488,62
499,04:40:16,489,1
500,05:23:46,490,65
501,08:42:10,491,30
502,23:51:54,492,14
503,03:35:03,493,28
504,22:29:17,494,12
505,12:07:56,495,70
506,06:55:30,496,1
507,10:28:02,497,26
508,10:25:42,498,29
509,16:36:05,499,64
510,18:15:48,500,86
511,00:24:25,501,8
512,04:54:56,502,70
513,08:11:43,503,11
514,03:32:03,504,89
515,06:54:10,505,21
516,05:48:29,506,27
517,18:56:19,507,80
518,07:09:01,508,17
519,01:02:33,509,4
520,01:02:54,510,65
521,23:50:17,511,75
522,10:59:09,512,69
523,08:37:03,513,7
524,02:41:53,514,66
525,21:00:02,515,2
526,17:32:14,516,27
527,16:58:31,517,90
528,17:02:25,518,86
529,15:28:09,519,75
530,06:52:27,520,82
531,04:52:35,521,24
532,18:40:34,522,4
533,02:25:29,523,28
534,20:55:27,524,88
535,07:02:09,525,21
536,17:26:03,526,78
537,00:35:21,527,66
538,13:59:07,528,12
539,01:49:46,529,11
540,12:44:45,530,30
541,03:23:34,531,87
542,00:34:45,532,61
543,14:30:44,533,90
544,11:43:28,534,30
545,02:37:08,535,24
546,13:51:00,536,12
547,01:41:45,537,80
548,03:59:57,538,29
549,05:23:08,539,73
550,19:28:01,540,12
551,05:58:21,541,62
552,19:39:47,542,14
553,06:13:15,543,23
554,07:13:49,544,23
555,20:32:20,545,18
556,00:49:41,546,15
557,15:14:02,547,86
558,04:45:57,548,61
559,19:03:14,549,72
560,09:01:50,550,10
561,13:46:02,551,9
562,21:18:05,552,10
563,05:58:22,553,80
564,18:21:38,554,75
565,23:57:58,555,73
566,14:15:13,556,10
567,08:05:55,557,21
568,07:01:24,558,66
569,04:07:15,559,17
570,16:11:56,560,22
571,19:41:35,561,76
572,15:43:02,562,23
573,09:05:02,563,28
574,06:58:34,564,67
575,05:02:16,565,5
576,07:16:36,566,65
577,19:36:51,567,81
578,21:19:24,568,0
579,16:45:27,569,78
580,18:14:46,570,28
581,15:47:00,571,1
582,08:04:10,572,78
583,23:18:54,573,69
584,00:46:27,574,86
585,10:15:50,575,19
586,02:37:53,576,82
587,10:53:43,577,10
588,08:27:51,578,80
589,10:44:11,579,27
590,18:05:08,580,2
591,02:20:32,581,30
592,03:01:36,582,84
593,20:31:29,583,84
594,21:38:23,584,88
595,13:01:33,585,5
596,14:46:02,586,15
597,01:51:01,587,28
598,17:41:53,588,21
599,05:26:27,589,86
600,09:05:17,590,70
601,05:15:43,591,28
602,13:27:08,592,85
603,00:17:20,593,71
604,10:39:45,594,88
605,22:08:03,595,82
606,16:47:26,596,22
607,11:15:34,597,26
608,06:47:41,598,74
609,10:23:46,599,78
610,21:28:03,600,13
611,00:05:44,601,13
612,14:27:25,602,63
613,23:01:07,603,88
614,10:28:20,604,0
615,02:32:30,605,86
616,08:58:03,606,90
617,20:48:29,607,13
618,15:04:56,608,20
619,16:46:47,609,88
620,13:15:03,610,70
621,06:01:24,611,74
622,10:54:47,612,16
623,23:02:46,613,6
624,21:34:57,614,21
625,09:27:55,615,12
626,03:23:03,616,4
627,06:29:54,617,89
628,08:54:49,618,28
629,17:29:08,619,71
630,21:38:56,620,8
631,20:37:52,621,75
632,13:42:01,622,7
633,01:26:10,623,68
634,02:45:29,624,81
635,09:51:54,625,11
636,17:46:33,626,12
637,02:50:23,627,76
638,20:06:11,628,27
639,01:27:00,629,27
640,00:25:28,630,69
641,21:55:03,631,90
642,09:45:26,632,20
643,02:54:16,633,86
644,18:29:31,634,10
645,23:17:10,635,0
646,15:36:21,636,67
647,21:42:34,637,8
648,16:51:43,638,30
649,14:02:42,639,67
650,11:24:41,640,80
651,03:52:37,641,26
652,22:49:53,642,26
653,23:41:28,643,5
654,10:07:19,644,68
655,07:43:08,645,76
656,19:23:43,646,4
657,15:45:57,647,22
658,01:39:55,648,85
659,11:20:32,649,69
660,00:56:31,650,70
661,06:49:09,651,28
662,23:21:18,652,83
663,03:05:38,653,25
664,01:44:57,654,5
665,14:49:09,655,67
666,05:36:27,656,78
667,06:56:46,657,5
668,00:58:09,658,16
669,17:50:37,659,15
670,14:45:23,660,29
671,01:21:23,661,81
672,02:13:36,662,12
673,14:03:10,663,81
674,22:45:27,664,21
675,18:07:29,665,88
676,07:29:07,666,18
677,10:46:17,667,21
678,04:55:34,668,25
679,19:27:09,669,79
680,05:24:19,670,62
681,16:50:24,671,66
682,10:06:34,672,78
683,23:57:42,673,14
684,11:42:30,674,27
685,10:32:24,675,8
686,23:10:45,676,76
687,19:41:09,677,22
688,05:43:51,678,22
689,07:51:47,679,76
690,22:37:09,680,69
691,17:47:23,681,66
692,23:53:26,682,0
693,08:11:44,683,90
694,16:49:40,684,66
695,00:13:13,685,67
696,06:03:37,686,28
697,20:47:04,687,88
698,10:32:04,688,83
699,08:47:36,689,20
700,22:07:18,690,85
701,14:12:42,691,25
702,23:45:47,692,27
703,04:17:29,693,4
704,14:40:54,694,29
705,00:43:54,695,27
706,14:51:37,696,10
707,12:38:04,697,13
708,04:56:59,698,22
709,21:11:25,699,18
710,15:12:44,700,14
711,20:44:48,701,28
712,03:52:18,702,20
713,08:55:32,703,78
714,17:48:02,704,66
715,08:07:27,705,12
716,09:37:39,706,5
717,17:27:59,707,65
718,06:10:37,708,70
719,01:31:04,709,63
720,06:01:10,710,24
721,19:07:42,711,88
722,16:49:55,712,29
723,21:05:26,713,85
724,10:42:29,714,16
725,18:12:36,715,61
726,00:46:40,716,20
727,14:10:28,717,26
728,06:20:26,718,5
729,03:42:58,719,82
730,19:18:29,720,77
731,18:01:09,721,12
732,10:57:23,722,69
733,08:24:25,723,74
734,04:05:27,724,3
735,12:25:59,725,22
736,15:48:17,726,1
737,18:22:38,727,83
738,01:42:22,728,30
739,02:50:32,729,66
740,04:47:25,730,17
741,11:52:04,731,66
742,01:26:39,732,21
743,20:35:38,733,29
744,06:51:50,734,82
745,06:25:23,735,76
746,00:34:08,736,16
747,18:31:49,737,84
748,18:08:24,738,88
749,01:45:13,739,64
750,16:42:22,740,4
751,21:08:57,741,62
752,04:17:52,742,61
753,20:32:18,743,28
754,23:55:18,744,64
755,03:13:30,745,66
756,23:54:39,746,8
757,06:41:16,747,10
758,15:27:48,748,13
759,10:35:37,749,60
760,16:27:16,750,63
761,16:54:33,751,67
762,18:03:30,752,11
763,11:58:25,753,2
764,03:00:04,754,72
765,12:15:16,755,5
766,17:51:29,756,5
767,10:31:18,757,9
768,19:46:57,758,69
769,01:52:55,759,26
770,04:50:31,760,16
771,13:27:52,761,19
772,19:36:13,762,26
773,08:23:50,763,3
774,00:23:15,764,12
775,22:20:20,765,73
776,07:45:39,766,14
777,10:24:16,767,60
778,22:48:41,768,84
779,08:22:26,769,3
780,23:24:55,770,63
781,19:44:18,771,70
782,09:01:48,772,7
783,17:04:36,773,21
784,00:13:34,774,5
785,04:24:49,775,83
786,15:31:34,776,10
787,12:18:34,777,75
788,09:53:10,778,25
789,14:59:50,779,7
790,09:13:22,780,0
791,22:56:58,781,89
792,18:54:20,782,10
793,02:51:36,783,9
794,21:05:18,784,25
795,15:35:47,785,28
796,18:05:06,786,0
797,10:42:09,787,12
798,10:22:10,788,9
799,16:56:21,789,11
800,10:39:06,790,26
801,12:03:29,791,9
802,16:32:34,792,76
803,16:36:32,793,2
804,02:22:22,794,66
805,03:28:33,795,71
806,21:36:16,796,24
807,08:17:50,797,88
808,22:59:20,798,15
809,15:22:21,799,63
810,02:40:39,800,65
811,12:54:52,801,61
812,15:04:07,802,16
813,07:06:39,803,24
814,08:08:19,804,9
815,17:15:27,805,73
816,03:07:23,806,19
817,03:30:14,807,81
818,12:51:48,808,67
819,18:57:09,809,64
820,08:41:12,810,9
821,16:16:42,811,11
822,00:34:16,812,22
823,09:45:19,813,83
824,07:37:47,814,87
825,11:06:38,815,64
826,21:12:02,816,71
827,19:30:15,817,29
828,21:51:05,818,9
829,12:24:48,819,12
830,16:35:02,820,6
831,10:41:52,821,88
832,13:42:20,822,60
833,20:00:03,823,8
834,11:49:55,824,15
835,10:43:41,825,82
836,11:19:19,826,16
837,09:32:40,827,81
838,12:19:02,828,76
839,01:12:53,829,26
840,02:28:06,830,16
841,07:13:47,831,13
842,21:33:51,832,5
843,16:11:37,833,65
844,01:35:10,834,73
845,21:42:46,835,60
846,14:16:33,836,7
847,14:25:22,837,75
848,04:17:06,838,17
849,15:15:49,839,15
850,10:16:47,840,76
851,14:05:33,841,21
852,23:11:48,842,77
853,05:46:20,843,68
854,06:25:36,844,82
855,07:52:48,845,22
856,22:46:57,846,6
857,17:07:33,847,63
858,07:07:32,848,20
859,22:11:19,849,81
860,10:23:03,850,14
861,23:48:06,851,22
862,02:41:32,852,12
863,01:48:52,853,72
864,00:18:31,854,7
865,05:16:50,855,86
866,15:24:04,856,19
867,13:22:21,857,72
868,19:26:51,858,84
869,21:06:11,859,22
870,16:56:46,860,23
871,11:24:21,861,8
872,03:44:12,862,75
873,06:48:37,863,8
874,05:49:27,864,60
875,23:21:31,865,73
876,20:17:39,866,80
877,09:29:54,867,5
878,01:08:49,868,15
879,12:04:47,869,85
880,13:14:26,870,13
881,07:36:10,871,64
882,01:30:38,872,77
883,19:24:55,873,73
884,18:40:01,874,75
885,11:41:22,875,17
886,06:30:54,876,64
887,18:47:38,877,71
888,18:59:04,878,67
889,21:51:42,879,28
890,12:47:17,880,22
891,03:18:58,881,12
892,01:24:54,882,17
893,07:47:22,883,3
894,19:03:28,884,8
895,01:21:48,885,29
896,09:23:11,886,63
897,09:19:01,887,74
898,19:14:40,888,21
899,04:52:42,889,8
900,10:27:36,890,64
901,13:16:54,891,76
902,11:03:04,892,83
903,03:41:09,893,19
904,02:36:13,894,76
905,14:27:28,895,6
906,11:16:15,896,81
907,21:12:54,897,69
908,23:51:04,898,5
909,03:05:28,899,12
910,02:33:40,900,73
911,09:22:58,901,85
912,20:57:37,902,83
913,16:13:56,903,81
914,15:36:27,904,74
915,21:58:02,905,76
916,13:22:44,906,5
917,17:24:39,907,79
918,07:48:39,908,10
919,02:22:30,909,19
920,22:34:22,910,18
921,23:16:18,911,74
922,07:08:35,912,76
923,11:28:53,913,10
924,14:08:02,914,75
925,14:32:36,915,10
926,06:23:52,916,61
927,06:44:09,917,7
928,03:46:05,918,8
929,13:02:58,919,81
930,07:32:04,920,76
931,10:09:01,921,81
932,03:11:02,922,8
933,17:10:04,923,60
934,12:48:10,924,87
935,06:04:53,925,1
936,01:58:56,926,6
937,05:59:48,927,85
938,21:43:38,928,6
939,06:19:34,929,85
940,05:14:50,930,0
941,15:03:23,931,13
942,13:52:38,932,13
943,13:03:04,933,5
944,19:16:24,934,23
945,09:35:18,935,88
946,21:22:35,936,75
947,18:35:09,937,63
948,21:11:28,938,29
949,23:24:27,939,9
950,18:42:21,940,61
951,02:33:25,941,1
952,00:49:07,942,11
953,03:52:30,943,9
954,10:22:50,944,5
955,15:40:01,945,23
956,09:07:52,946,75
957,07:35:10,947,12
958,10:08:47,948,87
959,21:12:02,949,8
960,05:57:02,950,22
961,23:31:01,951,7
962,15:40:17,952,13
963,22:53:30,953,80
964,18:01:11,954,8
965,06:02:18,955,71
966,17:36:04,956,67
967,08:42:14,957,4
968,19:34:47,958,14
969,04:09:52,959,70
970,08:22:01,960,14
971,07:17:10,961,79
972,17:31:54,962,73
973,13:50:28,963,64
974,01:49:46,964,27
975,17:44:34,965,60
976,13:19:24,966,73
977,17:17:58,967,29
978,14:18:15,968,61
979,03:29:26,969,12
980,14:28:17,970,6
981,01:25:52,971,17
982,03:40:38,972,72
983,13:36:15,973,0
984,20:31:41,974,63
985,14:38:37,975,15
986,02:02:45,976,26
987,19:28:28,977,18
988,12:11:46,978,3
989,06:17:21,979,71
990,22:24:51,980,84
991,08:26:17,981,80
992,15:20:47,982,76
993,17:55:13,983,61
994,15:41:08,984,76
995,13:25:40,985,9
996,17:44:19,986,64
997,10:52:59,987,82
998,17:59:25,988,30
999,08:39:59,989,1
1000,15:12:11,990,89
1001,05:28:01,991,4
1002,08:25:56,992,81
1003,22:59:45,993,69
1004,00:44:59,994,74
1005,17:53:02,995,90
1006,22:15:19,996,7
1007,18:58:56,997,20
1008,13:40:10,998,29
1009,06:43:15,999,27
1010,15:50:00,1000,90
1011,06:11:43,1001,75
1012,08:39:25,1002,15
1013,19:43:33,1003,90
1014,14:31:12,1004,74
1015,18:05:45,1005,67
1016,14:11:37,1006,19
1017,09:07:39,1007,30
1018,14:37:43,1008,62
1019,13:01:41,1009,21
1020,19:31:22,1010,28
1021,19:47:20,1011,5
1022,17:44:16,1012,16
1023,11:35:34,1013,69
1024,13:05:38,1014,65
1025,23:58:17,1015,13
1026,11:01:58,1016,71
1027,01:48:01,1017,84
1028,11:45:02,1018,89
1029,04:41:23,1019,15
1030,23:06:41,1020,74
1031,00:42:45,1021,21
1032,23:50:10,1022,88
1033,15:06:52,1023,82
1034,22:09:03,1024,23
1035,07:27:11,1025,20
1036,01:31:13,1026,68
1037,18:51:41,1027,13
1038,08:47:03,1028,88
1039,09:59:15,1029,30
1040,22:47:44,1030,85
1041,19:10:23,1031,81
1042,03:20:00,1032,6
1043,10:33:29,1033,25
1044,00:35:56,1034,68
1045,06:31:30,1035,28
1046,14:59:24,1036,11
1047,12:24:41,1037,68
1048,13:27:37,1038,62
1049,23:51:41,1039,80
1050,23:35:19,1040,66
1051,07:51:54,1041,70
1052,22:23:11,1042,78
1053,16:43:04,1043,87
1054,11:14:47,1044,88
1055,12:23:18,1045,19
1056,06:30:45,1046,12
1057,15:27:25,1047,68
1058,04:52:59,1048,69
1059,19:31:26,1049,25
1060,03:17:10,1050,4
1061,21:48:17,1051,78
1062,16:19:59,1052,78
1063,19:13:42,1053,61
1064,01:48:45,1054,29
1065,01:50:55,1055,7
1066,17:22:20,1056,24
1067,20:06:33,1057,3
1068,04:30:42,1058,75
1069,18:41:28,1059,22
1070,13:31:16,1060,3
1071,21:03:40,1061,0
1072,19:17:01,1062,84
1073,09:23:17,1063,77
1074,20:32:32,1064,15
1075,14:57:18,1065,78
1076,19:32:25,1066,8
1077,08:55:16,1067,12
1078,03:22:31,1068,2
1079,12:11:08,1069,80
1080,23:06:58,1070,60
1081,17:07:57,1071,72
1082,12:11:07,1072,87
1083,09:36:28,1073,61
1084,10:43:24,1074,5
1085,21:48:28,1075,29
1086,06:51:49,1076,71
1087,05:23:36,1077,88
1088,01:49:10,1078,3
1089,16:19:45,1079,62
1090,11:03:05,1080,20
1091,00:57:24,1081,0
1092,14:05:21,1082,8
1093,06:47:55,1083,88
1094,23:14:18,1084,26
1095,01:48:57,1085,67
1096,11:49:23,1086,63
1097,14:59:24,1087,61
1098,04:21:14,1088,86
1099,14:22:50,1089,26
1100,17:07:32,1090,83
1101,04:17:05,1091,90
1102,15:18:31,1092,25
1103,13:12:47,1093,75
1104,01:35:42,1094,8
1105,18:41:56,1095,66
1106,11:22:13,1096,14
1107,11:59:47,1097,19
1108,23:33:16,1098,9
1109,12:12:25,1099,26
1110,08:03:03,1100,72
1111,00:09:55,1101,87
1112,22:57:09,1102,30
1113,22:48:33,1103,25
1114,13:06:04,1104,0
1115,02:04:16,1105,71
1116,15:13:50,1106,8
1117,17:46:25,1107,79
1118,04:28:28,1108,15
1119,11:53:42,1109,66
1120,09:43:14,1110,86
1121,17:13:12,1111,24
1122,10:21:51,1112,17
1123,18:44:22,1113,68
1124,03:56:16,1114,64
1125,21:58:59,1115,68
1126,11:28:32,1116,23
1127,03:32:34,1117,15
1128,02:20:43,1118,2
1129,14:20:13,1119,79
1130,23:52:53,1120,8
1131,14:40:25,1121,79
1132,19:42:38,1122,63
1133,16:49:41,1123,10
1134,03:02:06,1124,60
1135,09:16:02,1125,0
1136,00:53:18,1126,60
1137,09:01:15,1127,79
1138,19:09:25,1128,14
1139,01:58:36,1129,64
1140,11:26:12,1130,20
1141,16:16:59,1131,20
1142,15:16:26,1132,84
1143,04:11:41,1133,72
1144,08:05:42,1134,0
1145,15:39:59,1135,0
1146,14:08:36,1136,88
1147,00:25:47,1137,84
1148,20:53:02,1138,10
1149,20:39:26,1139,66
1150,05:40:10,1140,13
1151,19:55:20,1141,62
1152,09:55:24,1142,22
1153,20:33:17,1143,17
1154,03:39:40,1144,81
1155,12:25:35,1145,22
1156,11:42:16,1146,66
1157,19:24:13,1147,18
1158,16:50:00,1148,24
1159,01:55:01,1149,67
1160,23:20:01,1150,7
1161,13:27:42,1151,82
1162,08:18:52,1152,24
1163,13:29:14,1153,78
1164,16:19:07,1154,86
1165,00:46:21,1155,2
1166,12:50:26,1156,87
1167,21:23:27,1157,84
1168,22:40:16,1158,22
1169,02:37:26,1159,12
1170,19:44:02,1160,64
1171,23:18:00,1161,2
1172,17:30:45,1162,29
1173,16:26:15,1163,9
1174,20:55:36,1164,6
1175,06:53:36,1165,1
1176,19:09:35,1166,85
1177,15:11:45,1167,22
1178,14:31:06,1168,80
1179,08:48:45,1169,73
1180,17:22:56,1170,16
1181,13:11:45,1171,72
1182,08:34:28,1172,80
1183,13:05:38,1173,80
1184,01:08:57,1174,26
1185,21:49:05,1175,6
1186,10:31:58,1176,73
1187,06:02:30,1177,4
1188,20:21:34,1178,90
1189,21:38:25,1179,30
1190,09:08:34,1180,13
1191,20:38:05,1181,83
1192,14:25:31,1182,28
1193,08:31:26,1183,72
1194,17:44:21,1184,66
1195,22:46:27,1185,71
1196,15:03:37,1186,11
1197,14:21:33,1187,61
1198,23:22:05,1188,83
1199,17:37:33,1189,75
1200,11:59:10,1190,73
1201,16:15:34,1191,72
1202,19:50:35,1192,65
1203,20:08:31,1193,80
1204,22:54:01,1194,85
1205,08:48:24,1195,25
1206,10:48:32,1196,1
1207,19:29:42,1197,14
1208,18:28:52,1198,4
1209,05:22:21,1199,82
1210,08:45:26,1200,3
1211,15:03:58,1201,20
1212,07:38:27,1202,20
1213,23:12:57,1203,15
1214,07:49:30,1204,5
1215,15:15:56,1205,15
1216,11:28:28,1206,81
1217,16:31:12,1207,16
1218,18:37:16,1208,26
1219,04:41:15,1209,86
1220,09:46:02,1210,12
1221,15:37:08,1211,24
1222,04:02:24,1212,29
1223,21:41:50,1213,20
1224,05:53:56,1214,29
1225,08:12:36,1215,8
1226,02:20:29,1216,87
1227,02:07:07,1217,18
1228,10:09:08,1218,28
1229,00:07:28,1219,5
1230,23:17:10,1220,29
1231,14:26:27,1221,15
1232,05:24:15,1222,3
1233,21:48:27,1223,68
1234,21:28:05,1224,23
1235,17:27:36,1225,71
1236,17:23:02,1226,73
1237,16:08:38,1227,68
1238,03:25:30,1228,29
1239,04:41:42,1229,25
1240,13:23:27,1230,21
1241,00:50:37,1231,63
1242,04:31:59,1232,84
1243,21:49:13,1233,23
1244,23:42:45,1234,21
1245,20:02:50,1235,11
1246,13:05:09,1236,81
1247,14:44:35,1237,81
1248,15:37:43,1238,7
1249,15:26:01,1239,4
1250,18:24:44,1240,69
1251,05:43:32,1241,14
1252,09:53:28,1242,25
1253,17:36:41,1243,82
1254,15:07:07,1244,77
1255,06:38:51,1245,1
1256,11:09:09,1246,20
1257,17:41:32,1247,89
1258,13:33:17,1248,73
1259,13:29:42,1249,90
1260,23:34:50,1250,74
1261,01:54:01,1251,67
1262,12:06:50,1252,19
1263,13:30:27,1253,5
1264,15:48:57,1254,63
1265,07:43:33,1255,27
1266,08:16:57,1256,65
1267,22:56:00,1257,66
1268,11:39:52,1258,2
1269,22:14:53,1259,60
1270,15:45:46,1260,68
1271,00:15:19,1261,79
1272,23:54:25,1262,80
1273,21:14:56,1263,85
1274,20:27:55,1264,23
1275,23:09:52,1265,28
1276,01:07:52,1266,71
1277,01:51:50,1267,11
1278,23:26:26,1268,82
1279,16:46:24,1269,17
1280,04:17:57,1270,15
1281,00:56:26,1271,67
1282,01:56:24,1272,21
1283,08:35:08,1273,61
1284,19:20:36,1274,16
1285,02:16:17,1275,86
1286,17:49:50,1276,70
1287,19:16:39,1277,0
1288,13:04:13,1278,62
1289,06:48:03,1279,8
1290,12:21:51,1280,25
1291,09:19:05,1281,69
1292,06:32:53,1282,12
1293,20:02:37,1283,22
1294,22:24:09,1284,65
1295,05:23:40,1285,78
1296,14:05:57,1286,17
1297,12:35:59,1287,69
1298,20:03:46,1288,71
1299,22:04:05,1289,66
1300,12:28:33,1290,8
1301,05:52:29,1291,3
1302,00:32:29,1292,72
1303,11:21:23,1293,80
1304,21:25:34,1294,85
1305,22:12:22,1295,30
1306,15:00:53,1296,86
1307,00:15:06,1297,73
1308,16:33:13,1298,62
1309,19:00:16,1299,19
1310,13:02:18,1300,78
1311,19:18:13,1301,8
1312,23:22:13,1302,60
1313,16:14:10,1303,20
1314,02:07:09,1304,22
1315,12:47:32,1305,88
1316,20:55:22,1306,18
1317,19:11:45,1307,11
1318,00:12:32,1308,10
1319,22:17:33,1309,65
1320,07:00:55,1310,21
1321,01:33:06,1311,7
1322,10:11:12,1312,81
1323,22:09:30,1313,86
1324,00:40:49,1314,68
1325,11:06:50,1315,75
1326,19:55:06,1316,87
1327,00:59:03,1317,69
1328,05:09:23,1318,81
1329,23:27:24,1319,5
1330,23:59:17,1320,9
1331,12:39:45,1321,70
1332,00:16:50,1322,85
1333,22:25:19,1323,17
1334,04:59:28,1324,61
1335,16:25:13,1325,70
1336,08:09:57,1326,27
1337,09:31:22,1327,85
1338,15:04:12,1328,30
1339,17:46:09,1329,13
1340,19:08:40,1330,78
1341,05:28:49,1331,87
1342,02:51:23,1332,17
1343,18:21:29,1333,77
1344,09:20:52,1334,28
1345,00:20:12,1335,70
1346,22:39:45,1336,30
1347,19:27:53,1337,18
1348,16:38:26,1338,4
1349,22:14:44,1339,11
1350,01:53:10,1340,5
1351,22:35:45,1341,89
1352,20:28:56,1342,87
1353,01:51:07,1343,3
1354,22:17:31,1344,0
1355,14:58:35,1345,66
1356,12:59:07,1346,81
1357,13:26:13,1347,9
1358,02:18:40,1348,2
1359,02:53:36,1349,28
1360,03:44:17,1350,18
1361,19:52:31,1351,23
1362,12:09:19,1352,68
1363,20:28:45,1353,75
1364,09:27:48,1354,12
1365,12:24:56,1355,28
1366,00:24:11,1356,60
1367,23:06:09,1357,78
1368,06:19:42,1358,78
1369,16:33:41,1359,90
1370,02:10:42,1360,9
1371,10:19:16,1361,10
1372,05:31:25,1362,24
1373,11:25:51,1363,79
1374,10:47:40,1364,21
1375,17:58:42,1365,5
1376,08:38:21,1366,22
1377,19:11:09,1367,90
1378,21:15:24,1368,20
1379,13:53:27,1369,16
1380,12:23:44,1370,66
1381,11:24:58,1371,73
1382,07:48:52,1372,77
1383,06:14:40,1373,4
1384,09:31:43,1374,13
1385,23:45:00,1375,68
1386,22:52:52,1376,84
1387,08:03:52,1377,66
1388,01:40:52,1378,1
1389,09:58:27,1379,72
1390,14:16:38,1380,6
1391,19:01:33,1381,7
1392,14:58:15,1382,1
1393,11:26:17,1383,30
1394,12:51:33,1384,66
1395,18:37:33,1385,70
1396,00:35:48,1386,27
1397,23:25:22,1387,64
1398,13:16:35,1388,61
1399,18:21:16,1389,83
1400,00:49:48,1390,78
1401,04:31:31,1391,71
1402,08:40:30,1392,2
1403,13:06:07,1393,23
1404,13:34:13,1394,73
1405,13:27:56,1395,70
1406,12:34:36,1396,62
1407,15:50:08,1397,89
1408,03:46:19,1398,19
1409,21:09:14,1399,67
1410,23:09:49,1400,21
1411,20:48:25,1401,60
1412,13:52:14,1402,90
1413,16:26:13,1403,69
1414,16:37:14,1404,29
1415,09:01:32,1405,30
1416,07:18:59,1406,89
1417,09:25:15,1407,3
1418,15:08:16,1408,3
1419,16:32:15,1409,64
1420,12:10:47,1410,63
1421,00:49:34,1411,29
1422,10:07:27,1412,62
1423,18:38:46,1413,3
1424,11:14:31,1414,86
1425,01:41:16,1415,60
1426,08:23:51,1416,2
1427,12:25:12,1417,65
1428,20:04:18,1418,17
1429,11:09:25,1419,30
1430,06:09:02,1420,15
1431,18:30:13,1421,87
1432,05:49:17,1422,16
1433,11:12:17,1423,89
1434,16:13:19,1424,79
1435,07:33:17,1425,75
1436,18:12:29,1426,89
1437,17:57:01,1427,16
1438,17:49:57,1428,9
1439,11:39:10,1429,8
1440,02:11:15,1430,63
1441,06:22:36,1431,89
1442,12:34:01,1432,85
1443,19:53:36,1433,28
1444,08:07:41,1434,63
1445,03:16:43,1435,60
1446,15:15:05,1436,72
1447,10:04:42,1437,19
1448,18:41:01,1438,73
1449,02:59:54,1439,60
1450,11:06:34,1440,16
1451,08:21:19,1441,29
1452,00:26:52,1442,12
1453,16:37:39,1443,13
1454,04:35:32,1444,4
1455,15:32:04,1445,87
1456,13:52:21,1446,9
1457,03:57:22,1447,5
1458,12:52:33,1448,21
1459,13:51:45,1449,24
1460,21:10:01,1450,65
1461,07:30:29,1451,12
1462,02:58:21,1452,2
1463,23:23:48,1453,27
1464,14:04:37,1454,20
1465,08:38:31,1455,77
1466,09:53:06,1456,18
1467,19:13:02,1457,76
1468,04:36:39,1458,70
1469,10:33:53,1459,29
1470,10:39:31,1460,87
1471,18:41:55,1461,0
1472,22:41:27,1462,76
1473,19:14:51,1463,85
1474,00:04:39,1464,63
1475,15:14:07,1465,73
1476,06:33:34,1466,14
1477,10:40:30,1467,68
1478,20:31:02,1468,79
1479,18:27:04,1469,63
1480,09:27:39,1470,25
1481,16:44:14,1471,26
1482,22:38:54,1472,20
1483,04:23:39,1473,71
1484,02:10:10,1474,3
1485,10:13:32,1475,80
1486,01:16:15,1476,20
1487,18:21:56,1477,86
1488,04:51:55,1478,19
1489,07:26:59,1479,64
1490,17:05:36,1480,22
1491,23:57:54,1481,14
1492,20:01:29,1482,72
1493,17:54:42,1483,15
1494,03:33:47,1484,17
1495,09:00:08,1485,13
1496,19:01:02,1486,74
1497,21:39:39,1487,63
1498,23:18:38,1488,11
1499,15:35:47,1489,63
1500,17:17:20,1490,17
1501,21:29:34,1491,24
1502,09:39:52,1492,24
1503,12:53:19,1493,10
1504,06:31:17,1494,63
1505,17:11:53,1495,29
1506,02:43:47,1496,13
1507,10:08:45,1497,90
1508,13:09:12,1498,62
1509,18:41:16,1499,18
1510,00:13:40,1500,63
1511,08:42:28,1501,5
1512,15:44:33,1502,4
1513,16:13:17,1503,7
1514,03:18:03,1504,70
1515,05:05:47,1505,78
1516,04:38:29,1506,6
1517,11:26:25,1507,12
1518,13:54:52,1508,66
1519,08:06:57,1509,61
1520,09:23:56,1510,89
1521,23:20:40,1511,75
1522,11:03:57,1512,61
1523,18:45:30,1513,22
1524,02:04:36,1514,27
1525,14:24:27,1515,17
1526,00:09:35,1516,71
1527,17:03:15,1517,28
1528,02:21:26,1518,13
1529,21:48:11,1519,9
1530,23:08:19,1520,78
1531,17:42:11,1521,69
1532,12:49:13,1522,90
1533,00:59:48,1523,9
1534,13:42:18,1524,64
1535,21:14:35,1525,77
1536,18:24:48,1526,90
1537,07:23:58,1527,28
1538,00:47:14,1528,2
1539,22:38:27,1529,67
1540,03:00:09,1530,81
1541,23:56:08,1531,66
1542,06:37:23,1532,20
1543,10:40:03,1533,77
1544,00:01:25,1534,29
1545,07:55:04,1535,21
1546,05:29:09,1536,87
1547,09:55:41,1537,21
1548,16:35:58,1538,78
1549,19:37:03,1539,76
1550,14:08:29,1540,23
1551,10:05:01,1541,27
1552,23:57:47,1542,77
1553,06:53:11,1543,27
1554,23:19:42,1544,85
1555,01:35:20,1545,67
1556,23:49:42,1546,62
1557,16:57:08,1547,87
1558,06:50:38,1548,21
1559,16:24:30,1549,2
1560,11:34:00,1550,71
1561,11:27:33,1551,67
1562,00:44:18,1552,80
1563,03:43:13,1553,90
1564,03:11:40,1554,82
1565,00:59:24,1555,25
1566,09:36:51,1556,8
1567,02:11:49,1557,9
1568,10:09:34,1558,75
1569,23:15:25,1559,25
1570,21:21:59,1560,27
1571,01:05:09,1561,5
1572,13:30:30,1562,69
1573,13:22:44,1563,25
1574,06:35:10,1564,84
1575,20:15:42,1565,9
1576,01:48:31,1566,4
1577,05:30:27,1567,10
1578,15:40:34,1568,21
1579,00:43:58,1569,67
1580,21:08:24,1570,84
1581,10:38:23,1571,79
1582,05:12:36,1572,8
1583,03:46:48,1573,3
1584,01:56:11,1574,12
1585,10:44:49,1575,65
1586,13:42:16,1576,2
1587,12:03:30,1577,14
1588,00:32:38,1578,64
1589,05:59:57,1579,66
1590,00:26:34,1580,80
1591,01:48:23,1581,61
1592,21:44:19,1582,70
1593,22:36:58,1583,25
1594,11:58:39,1584,87
1595,15:22:59,1585,15
1596,09:29:16,1586,88
1597,19:28:32,1587,23
1598,05:59:28,1588,14
1599,16:46:17,1589,61
1600,04:35:31,1590,61
1601,01:31:58,1591,11
1602,00:46:49,1592,64
1603,00:50:52,1593,73
1604,14:37:05,1594,11
1605,11:37:30,1595,69
1606,12:44:49,1596,66
1607,06:48:58,1597,1
1608,01:26:37,1598,23
1609,22:57:00,1599,22
1610,20:34:41,1600,8
1611,02:27:04,1601,15
1612,12:00:47,1602,4
1613,15:47:53,1603,74
1614,01:42:20,1604,26
1615,22:33:34,1605,28
1616,15:25:38,1606,9
1617,21:05:24,1607,6
1618,09:38:32,1608,22
1619,16:40:03,1609,8
1620,05:27:13,1610,22
1621,07:36:10,1611,30
1622,12:03:44,1612,90
1623,03:18:41,1613,19
1624,05:47:44,1614,65
1625,17:12:13,1615,15
1626,04:33:13,1616,16
1627,19:47:41,1617,66
1628,23:24:25,1618,80
1629,05:21:19,1619,25
1630,09:01:18,1620,11
1631,01:26:09,1621,1
1632,23:50:37,1622,70
1633,21:54:30,1623,79
1634,04:03:38,1624,65
1635,13:31:11,1625,8
1636,03:17:09,1626,18
1637,20:02:06,1627,90
1638,00:29:03,1628,30
1639,15:07:21,1629,23
1640,06:39:49,1630,10
1641,08:23:01,1631,60
1642,21:52:14,1632,81
1643,22:51:38,1633,76
1644,01:45:32,1634,3
1645,23:08:46,1635,66
1646,16:19:14,1636,89
1647,05:40:32,1637,75
1648,23:45:01,1638,78
1649,17:54:27,1639,6
1650,11:29:38,1640,70
1651,05:40:59,1641,4
1652,09:05:05,1642,67
1653,07:39:34,1643,19
1654,11:49:45,1644,67
1655,19:44:45,1645,26
1656,07:43:08,1646,67
1657,14:38:59,1647,84
1658,14:31:31,1648,26
1659,06:09:01,1649,86
1660,04:08:21,1650,82
1661,12:47:03,1651,15
1662,11:44:25,1652,78
1663,04:26:26,1653,64
1664,07:54:14,1654,12
1665,12:33:02,1655,1
1666,10:57:16,1656,82
1667,15:23:32,1657,88
1668,06:58:17,1658,21
1669,05:51:15,1659,81
1670,11:36:35,1660,26
1671,03:13:49,1661,12
1672,10:34:33,1662,23
1673,09:51:15,1663,1
1674,02:23:52,1664,3
1675,17:46:00,1665,83
1676,18:27:21,1666,24
1677,20:11:07,1667,72
1678,16:17:01,1668,74
1679,19:53:52,1669,85
1680,01:54:55,1670,60
1681,09:34:06,1671,82
1682,11:16:19,1672,30
1683,15:13:28,1673,12
1684,18:45:48,1674,85
1685,15:11:08,1675,76
1686,01:49:58,1676,78
1687,19:38:14,1677,5
1688,19:26:04,1678,82
1689,03:58:58,1679,64
1690,15:36:03,1680,16
1691,23:42:00,1681,11
1692,00:55:20,1682,72
1693,03:00:58,1683,79
1694,05:57:09,1684,75
1695,20:35:16,1685,78
1696,16:31:36,1686,90
1697,00:09:11,1687,90
1698,06:20:52,1688,71
1699,20:41:30,1689,11
1700,17:20:21,1690,19
1701,05:26:07,1691,4
1702,19:44:03,1692,8
1703,14:46:48,1693,5
1704,11:53:00,1694,61
1705,09:54:30,1695,79
1706,04:55:43,1696,65
1707,02:31:05,1697,16
1708,23:22:23,1698,82
1709,04:33:35,1699,78
1710,15:24:51,1700,80
1711,00:48:05,1701,89
1712,22:44:15,1702,68
1713,18:22:37,1703,76
1714,14:07:56,1704,27
1715,19:35:23,1705,69
1716,17:25:11,1706,71
1717,10:36:23,1707,1
1718,00:48:24,1708,61
1719,03:36:47,1709,76
1720,01:44:28,1710,77
1721,12:06:58,1711,63
1722,22:35:37,1712,77
1723,02:26:31,1713,60
1724,22:32:45,1714,10
1725,13:52:29,1715,7
1726,00:20:37,1716,75
1727,20:15:55,1717,85
1728,23:10:31,1718,78
1729,03:45:58,1719,71
1730,11:54:09,1720,2
1731,03:21:29,1721,21
1732,19:57:35,1722,83
1733,02:22:55,1723,16
1734,23:26:40,1724,84
1735,12:38:54,1725,6
1736,19:54:24,1726,5
1737,17:56:42,1727,26
1738,02:03:11,1728,25
1739,00:38:22,1729,3
1740,01:02:09,1730,14
1741,12:20:02,1731,83
1742,16:24:19,1732,78
1743,02:16:10,1733,80
1744,21:48:04,1734,29
1745,11:39:18,1735,87
1746,05:53:28,1736,66
1747,16:13:45,1737,3
1748,07:00:57,1738,89
1749,03:09:36,1739,76
1750,20:44:54,1740,60
1751,02:33:07,1741,80
1752,14:55:18,1742,13
1753,03:50:06,1743,72
1754,15:00:09,1744,75
1755,12:08:46,1745,73
1756,17:20:03,1746,22
1757,22:13:07,1747,19
1758,01:38:08,1748,64
1759,14:43:10,1749,15
1760,09:41:10,1750,79
1761,07:44:25,1751,4
1762,00:06:29,1752,66
1763,05:21:54,1753,81
1764,21:52:45,1754,68
1765,11:00:37,1755,81
1766,00:09:36,1756,23
1767,06:47:09,1757,22
1768,11:40:52,1758,73
1769,07:38:59,1759,60
1770,00:03:27,1760,11
1771,14:43:30,1761,64
1772,08:11:22,1762,78
1773,06:13:56,1763,81
1774,11:35:58,1764,86
1775,15:11:25,1765,30
1776,20:19:39,1766,87
1777,02:02:16,1767,85
1778,08:58:20,1768,62
1779,03:12:23,1769,22
1780,10:22:31,1770,71
1781,00:15:15,1771,6
1782,07:25:07,1772,82
1783,11:51:05,1773,76
1784,17:37:31,1774,1
1785,08:22:36,1775,10
1786,23:53:47,1776,89
1787,05:41:05,1777,15
1788,15:37:09,1778,25
1789,11:33:11,1779,62
1790,20:01:20,1780,2
1791,21:09:55,1781,83
1792,20:33:09,1782,16
1793,07:56:16,1783,60
1794,06:46:53,1784,8
1795,19:42:05,1785,81
1796,23:54:54,1786,23
1797,01:04:56,1787,28
1798,16:34:02,1788,8
1799,19:29:00,1789,78
1800,17:23:41,1790,6
1801,09:12:38,1791,8
1802,07:10:50,1792,17
1803,22:19:41,1793,5
1804,16:34:39,1794,24
1805,04:28:33,1795,24
1806,22:37:47,1796,22
1807,03:34:18,1797,26
1808,00:49:05,1798,8
1809,12:40:39,1799,6
1810,09:48:59,1800,61
1811,17:50:30,1801,88
1812,14:17:41,1802,15
1813,02:42:44,1803,16
1814,22:22:10,1804,11
1815,02:38:03,1805,89
1816,17:21:57,1806,64
1817,00:40:25,1807,81
1818,13:41:20,1808,77
1819,22:54:27,1809,69
1820,22:44:19,1810,67
1821,02:47:39,1811,80
1822,08:56:19,1812,70
1823,19:28:50,1813,12
1824,04:51:02,1814,76
1825,07:19:20,1815,19
1826,21:10:35,1816,10
1827,17:38:13,1817,17
1828,07:02:26,1818,11
1829,20:16:54,1819,77
1830,06:28:26,1820,66
1831,08:04:12,1821,87
1832,09:54:13,1822,87
1833,14:37:53,1823,70
1834,01:17:52,1824,64
1835,15:38:21,1825,67
1836,13:45:01,1826,62
1837,21:40:53,1827,73
1838,22:23:41,1828,19
1839,19:23:59,1829,90
1840,11:31:12,1830,11
1841,17:10:51,1831,82
1842,02:14:55,1832,7
1843,19:28:33,1833,1
1844,13:24:31,1834,28
1845,11:39:14,1835,65
1846,09:07:19,1836,76
1847,03:41:48,1837,7
1848,20:49:42,1838,61
1849,14:30:46,1839,20
1850,14:39:34,1840,23
1851,19:42:34,1841,23
1852,08:45:37,1842,60
1853,15:22:52,1843,63
1854,05:20:06,1844,61
1855,12:54:36,1845,88
1856,18:17:23,1846,4
1857,04:47:39,1847,61
1858,13:33:03,1848,74
1859,19:53:09,1849,83
1860,00:27:07,1850,5
1861,10:05:21,1851,24
1862,11:51:25,1852,11
1863,19:33:47,1853,83
1864,23:58:35,1854,18
1865,04:10:35,1855,76
1866,20:12:54,1856,14
1867,00:32:17,1857,72
1868,08:31:22,1858,27
1869,19:20:25,1859,83
1870,05:53:39,1860,71
1871,03:10:21,1861,71
1872,02:46:32,1862,30
1873,14:43:37,1863,76
1874,03:51:14,1864,22
1875,19:06:22,1865,88
1876,05:56:25,1866,5
1877,06:53:31,1867,4
1878,23:24:56,1868,23
1879,01:43:34,1869,86
1880,18:31:59,1870,63
1881,19:47:38,1871,25
1882,11:52:39,1872,73
1883,07:12:42,1873,28
1884,05:19:33,1874,66
1885,09:30:04,1875,3
1886,23:55:38,1876,80
1887,00:53:35,1877,80
1888,01:57:23,1878,18
1889,02:27:05,1879,89
1890,05:42:13,1880,14
1891,00:28:23,1881,87
1892,03:20:26,1882,84
1893,06:06:58,1883,28
1894,01:35:01,1884,16
1895,08:06:19,1885,16
1896,00:06:18,1886,82
1897,08:21:41,1887,69
1898,12:52:25,1888,87
1899,23:01:58,1889,72
1900,13:41:19,1890,26
1901,05:19:42,1891,22
1902,17:35:54,1892,76
1903,21:37:24,1893,86
1904,03:34:10,1894,63
1905,23:49:23,1895,72
1906,06:18:53,1896,88
1907,08:12:24,1897,8
1908,05:21:29,1898,6
1909,19:36:47,1899,66
1910,13:01:03,1900,29
1911,03:33:21,1901,77
1912,23:01:58,1902,5
1913,03:09:35,1903,65
1914,16:03:52,1904,6
1915,05:28:18,1905,60
1916,21:34:56,1906,79
1917,02:30:05,1907,21
1918,04:21:05,1908,20
1919,01:27:03,1909,79
1920,14:24:02,1910,68
1921,22:55:48,1911,13
1922,18:10:07,1912,21
1923,02:39:43,1913,87
1924,20:51:06,1914,28
1925,20:17:29,1915,2
1926,16:33:22,1916,16
1927,18:30:11,1917,1
1928,23:49:42,1918,9
1929,01:02:34,1919,60
1930,03:19:02,1920,75
1931,14:59:11,1921,10
1932,07:54:48,1922,22
1933,19:37:13,1923,19
1934,11:08:26,1924,3
1935,07:02:36,1925,25
1936,20:46:13,1926,83
1937,09:14:10,1927,16
1938,16:39:38,1928,21
1939,14:28:20,1929,72
1940,00:39:15,1930,20
1941,18:33:35,1931,26
1942,10:51:36,1932,87
1943,16:53:04,1933,2
1944,15:48:59,1934,77
1945,07:26:14,1935,27
1946,06:04:26,1936,8
1947,10:41:14,1937,72
1948,14:42:14,1938,76
1949,15:49:11,1939,3
1950,20:42:09,1940,16
1951,18:05:17,1941,64
1952,02:19:13,1942,70
1953,16:44:14,1943,89
1954,17:18:08,1944,64
1955,21:38:42,1945,74
1956,03:17:45,1946,17
1957,18:58:12,1947,19
1958,04:26:04,1948,26
1959,05:26:40,1949,81
1960,16:00:45,1950,28
1961,16:52:07,1951,68
1962,23:38:38,1952,86
1963,20:33:31,1953,60
1964,18:10:18,1954,17
1965,22:23:01,1955,73
1966,21:50:00,1956,3
1967,05:31:37,1957,26
1968,10:40:12,1958,4
1969,15:07:58,1959,80
1970,03:36:24,1960,5
1971,04:36:43,1961,78
1972,14:24:25,1962,84
1973,02:37:38,1963,6
1974,11:25:46,1964,3
1975,13:53:23,1965,77
1976,11:17:41,1966,82
1977,18:46:51,1967,85
1978,11:23:07,1968,27
1979,02:25:25,1969,26
1980,10:05:59,1970,11
1981,01:14:31,1971,4
1982,07:06:57,1972,82
1983,01:31:13,1973,19
1984,20:12:13,1974,87
1985,22:40:55,1975,72
1986,18:10:50,1976,11
1987,00:17:26,1977,0
1988,12:04:44,1978,17
1989,11:09:51,1979,14
1990,06:25:38,1980,21
1991,01:30:26,1981,71
1992,19:08:09,1982,11
1993,17:02:18,1983,1
1994,15:50:01,1984,23
1995,19:32:49,1985,16
1996,13:08:39,1986,4
1997,09:22:46,1987,81
1998,03:50:08,1988,16
1999,01:38:25,1989,29
2000,03:41:33,1990,6
2001,02:48:57,1991,9
2002,11:33:09,1992,85
2003,04:44:07,1993,90
2004,15:43:57,1994,79
2005,22:58:40,1995,75
2006,17:40:31,1996,22
2007,01:12:15,1997,61
2008,08:40:10,1998,29
2009,03:11:47,1999,4
2010,04:31:13,2000,61
2011,17:55:15,2001,90
2012,19:12:13,2002,78
2013,08:42:02,2003,10
2014,21:23:11,2004,3
2015,16:42:38,2005,88
2016,08:37:59,2006,90
2017,06:13:12,2007,77
2018,16:19:59,2008,61
2019,16:57:59,2009,90
2020,10:38:40,2010,3
2021,14:27:22,2011,63
2022,14:19:47,2012,30
2023,23:17:52,2013,10
2024,11:07:13,2014,79
2025,22:43:46,2015,85
2026,15:32:20,2016,82
2027,08:45:46,2017,72
2028,19:38:43,2018,27
2029,06:05:10,2019,11
2030,23:44:49,2020,24
2031,01:12:18,2021,24
2032,06:49:18,2022,16
2033,05:05:45,2023,85
2034,17:40:27,2024,17
2035,21:50:45,2025,16
2036,00:17:42,2026,74
2037,06:46:29,2027,79
2038,04:25:47,2028,30
2039,20:33:07,2029,0
2040,05:26:19,2030,79
2041,01:53:05,2031,29
2042,19:25:01,2032,29
2043,22:29:18,2033,16
2044,05:17:56,2034,4
2045,10:38:46,2035,21
2046,04:00:34,2036,90
2047,22:10:37,2037,23
2048,03:51:23,2038,17
2049,16:21:47,2039,72
2050,19:57:43,2040,11
2051,03:18:36,2041,81
2052,01:26:49,2042,9
2053,11:56:02,2043,79
2054,16:58:12,2044,76
2055,13:45:13,2045,20
2056,11:17:31,2046,78
2057,16:50:31,2047,66
2058,04:39:17,2048,8
2059,15:41:51,2049,0
2060,03:12:51,2050,74
2061,02:57:05,2051,68
2062,18:54:31,2052,76
2063,01:00:34,2053,25
2064,23:34:03,2054,18
2065,16:28:28,2055,13
2066,03:49:42,2056,90
2067,10:44:03,2057,13
2068,12:24:58,2058,64
2069,21:36:26,2059,20
2070,23:10:52,2060,1
2071,13:26:38,2061,3
2072,10:11:57,2062,11
2073,14:45:02,2063,86
2074,04:40:01,2064,6
2075,10:28:14,2065,62
2076,10:42:14,2066,81
2077,11:01:33,2067,87
2078,03:47:30,2068,13
2079,18:55:21,2069,14
2080,20:47:17,2070,83
2081,14:07:38,2071,65
2082,02:22:52,2072,6
2083,06:13:20,2073,28
2084,04:39:52,2074,64
2085,09:27:46,2075,86
2086,09:48:15,2076,83
2087,02:15:04,2077,0
2088,03:09:30,2078,71
2089,12:15:16,2079,20
2090,13:27:51,2080,76
2091,14:33:11,2081,22
2092,19:47:27,2082,79
2093,01:33:15,2083,17
2094,12:19:37,2084,64
2095,19:08:35,2085,88
2096,19:53:55,2086,28
2097,14:51:03,2087,12
2098,18:51:30,2088,13
2099,04:44:29,2089,80
2100,13:00:57,2090,87
2101,19:38:44,2091,65
2102,10:33:19,2092,60
2103,07:06:35,2093,24
2104,07:23:18,2094,10
2105,15:16:21,2095,0
2106,01:18:10,2096,2
2107,03:40:04,2097,10
2108,05:56:04,2098,15
2109,09:47:05,2099,84
2110,09:27:24,2100,0
2111,20:42:53,2101,75
2112,21:01:34,2102,25
2113,22:10:33,2103,2
2114,10:16:07,2104,77
2115,08:52:04,2105,62
2116,13:11:55,2106,73
2117,04:40:57,2107,28
2118,22:33:05,2108,7
2119,10:06:12,2109,77
2120,18:37:22,2110,75
2121,18:57:33,2111,89
2122,04:28:29,2112,10
2123,23:04:36,2113,76
2124,23:32:50,2114,17
2125,13:26:38,2115,72
2126,03:04:07,2116,74
2127,15:49:23,2117,17
2128,10:51:48,2118,64
2129,19:43:08,2119,5
2130,12:05:16,2120,20
2131,10:02:25,2121,13
2132,09:03:19,2122,12
2133,14:45:03,2123,1
2134,23:00:05,2124,81
2135,00:21:54,2125,86
2136,19:52:10,2126,3
2137,12:22:58,2127,76
2138,07:38:31,2128,20
2139,13:38:12,2129,75
2140,16:51:02,2130,87
2141,18:34:59,2131,15
2142,05:01:38,2132,6
2143,03:28:12,2133,79
2144,21:09:53,2134,70
2145,12:11:51,2135,9
2146,09:55:02,2136,72
2147,11:13:10,2137,12
2148,00:41:21,2138,1
2149,19:15:11,2139,6
2150,22:34:59,2140,18
2151,20:04:17,2141,85
2152,04:12:32,2142,68
2153,16:24:48,2143,18
2154,13:20:40,2144,61
2155,01:58:43,2145,87
2156,21:06:18,2146,80
2157,02:02:08,2147,61
2158,16:42:19,2148,72
2159,11:20:03,2149,29
2160,19:36:36,2150,75
2161,21:16:27,2151,68
2162,08:09:53,2152,28
2163,20:51:20,2153,81
2164,21:11:03,2154,18
2165,20:09:58,2155,68
2166,04:06:54,2156,86
2167,08:36:55,2157,4
2168,10:11:34,2158,88
2169,19:42:00,2159,76
2170,03:22:14,2160,81
2171,14:44:02,2161,85
2172,19:06:59,2162,13
2173,01:39:00,2163,85
2174,04:11:02,2164,29
2175,05:57:32,2165,21
2176,04:51:53,2166,82
2177,15:13:44,2167,28
2178,07:23:37,2168,14
2179,10:35:06,2169,24
2180,06:09:47,2170,12
2181,05:03:20,2171,10
2182,16:48:20,2172,82
2183,22:29:07,2173,25
2184,00:22:31,2174,25
2185,14:43:56,2175,84
2186,00:27:38,2176,6
2187,11:18:19,2177,5
2188,14:40:35,2178,61
2189,10:56:52,2179,80
2190,06:36:27,2180,15
2191,08:30:28,2181,68
2192,11:27:35,2182,6
2193,15:32:30,2183,30
2194,00:15:17,2184,74
2195,05:54:58,2185,20
2196,08:02:32,2186,4
2197,07:34:24,2187,82
2198,15:42:50,2188,21
2199,07:33:43,2189,15
2200,20:54:02,2190,29
2201,22:51:35,2191,82
2202,21:31:30,2192,63
2203,08:51:15,2193,15
2204,02:08:46,2194,27
2205,23:42:40,2195,7
2206,00:54:11,2196,74
2207,03:08:02,2197,65
2208,16:02:46,2198,17
2209,14:04:12,2199,6
2210,08:11:19,2200,74
2211,20:01:32,2201,89
2212,07:39:15,2202,66
2213,23:38:26,2203,64
2214,19:37:35,2204,69
2215,23:59:49,2205,79
2216,19:49:50,2206,10
2217,21:05:20,2207,61
2218,20:21:13,2208,85
2219,23:49:46,2209,10
2220,03:12:35,2210,1
2221,08:59:44,2211,18
2222,09:53:03,2212,60
2223,14:09:17,2213,0
2224,02:32:10,2214,23
2225,07:57:04,2215,28
2226,20:33:51,2216,18
2227,00:31:28,2217,21
2228,21:31:58,2218,15
2229,20:42:27,2219,79
2230,21:42:50,2220,27
2231,01:39:10,2221,64
2232,16:20:09,2222,76
2233,14:28:26,2223,4
2234,08:58:19,2224,78
2235,14:47:29,2225,62
2236,04:35:39,2226,63
2237,12:00:28,2227,20
2238,16:42:35,2228,25
2239,18:39:59,2229,30
2240,13:23:47,2230,87
2241,21:30:27,2231,75
2242,09:35:20,2232,6
2243,13:46:29,2233,13
2244,06:40:12,2234,22
2245,04:26:48,2235,19
2246,12:47:55,2236,76
2247,13:44:52,2237,76
2248,14:59:03,2238,3
2249,01:51:42,2239,25
2250,16:31:43,2240,14
2251,18:50:46,2241,65
2252,11:59:52,2242,62
2253,12:06:14,2243,73
2254,17:41:03,2244,2
2255,03:48:31,2245,72
2256,13:06:02,2246,81
2257,05:48:45,2247,87
2258,02:20:00,2248,84
2259,18:56:36,2249,30
2260,00:52:19,2250,16
2261,22:47:19,2251,79
2262,20:34:28,2252,11
2263,18:53:27,2253,5
2264,00:36:06,2254,19
2265,18:39:45,2255,14
2266,11:43:46,2256,30
2267,11:57:40,2257,76
2268,13:24:20,2258,22
2269,16:18:11,2259,5
2270,01:08:37,2260,76
2271,07:45:45,2261,22
2272,14:32:49,2262,87
2273,02:28:19,2263,66
2274,12:52:14,2264,84
2275,15:28:48,2265,83
2276,04:48:08,2266,23
2277,21:42:52,2267,4
2278,22:07:28,2268,65
2279,02:13:54,2269,85
2280,02:29:17,2270,75
2281,09:46:12,2271,62
2282,18:46:57,2272,89
2283,23:50:23,2273,22
2284,11:57:29,2274,27
2285,01:55:30,2275,22
2286,22:49:47,2276,63
2287,08:32:42,2277,2
2288,15:01:02,2278,64
2289,07:10:42,2279,25
2290,01:42:40,2280,64
2291,22:29:58,2281,77
2292,05:11:22,2282,61
2293,19:59:13,2283,67
2294,18:20:51,2284,26
2295,12:02:33,2285,74
2296,23:52:46,2286,2
2297,18:05:38,2287,20
2298,12:01:41,2288,5
2299,20:02:39,2289,63
2300,05:17:26,2290,78
2301,21:17:34,2291,12
2302,13:52:24,2292,89
2303,09:04:24,2293,14
2304,16:55:39,2294,26
2305,08:25:34,2295,26
2306,12:24:45,2296,64
2307,16:05:15,2297,60
2308,03:55:34,2298,15
2309,06:24:41,2299,28
2310,01:35:17,2300,67
2311,06:00:10,2301,67
2312,11:01:11,2302,25
2313,08:53:54,2303,60
2314,00:14:51,2304,74
2315,18:53:02,2305,28
2316,05:37:29,2306,73
2317,02:04:44,2307,72
2318,06:15:46,2308,85
2319,12:03:09,2309,10
2320,00:52:00,2310,79
2321,12:19:59,2311,27
2322,01:39:58,2312,63
2323,00:17:22,2313,67
2324,01:43:33,2314,84
2325,09:57:43,2315,16
2326,14:27:22,2316,73
2327,20:04:12,2317,28
2328,13:37:32,2318,4
2329,05:14:42,2319,30
2330,15:20:24,2320,74
2331,23:10:44,2321,25
2332,11:53:45,2322,10
2333,11:55:53,2323,80
2334,06:32:43,2324,74
2335,14:11:39,2325,19
2336,11:24:55,2326,83
2337,23:10:31,2327,19
2338,14:21:45,2328,76
2339,04:39:04,2329,85
2340,19:52:03,2330,62
2341,16:07:39,2331,30
2342,17:22:25,2332,83
2343,07:37:37,2333,82
2344,00:08:30,2334,81
2345,08:46:37,2335,9
2346,04:42:10,2336,16
2347,16:37:16,2337,4
2348,18:23:48,2338,29
2349,00:33:15,2339,11
2350,02:50:57,2340,89
2351,16:33:52,2341,21
2352,18:42:18,2342,7
2353,14:31:48,2343,13
2354,01:41:12,2344,67
2355,02:46:15,2345,69
2356,14:18:18,2346,24
2357,09:10:21,2347,70
2358,04:11:08,2348,7
2359,11:39:43,2349,79
2360,15:10:37,2350,0
2361,13:11:01,2351,22
2362,00:22:22,2352,28
2363,09:43:14,2353,62
2364,05:35:09,2354,0
2365,10:34:04,2355,17
2366,05:24:53,2356,5
2367,23:35:50,2357,25
2368,08:06:29,2358,62
2369,10:15:47,2359,5
2370,16:21:03,2360,10
2371,01:22:20,2361,84
2372,00:57:45,2362,65
2373,03:15:52,2363,90
2374,13:01:24,2364,25
2375,16:57:38,2365,30
2376,09:12:34,2366,70
2377,16:06:19,2367,4
2378,14:12:53,2368,29
2379,21:22:07,2369,4
2380,16:47:56,2370,61
2381,10:22:13,2371,70
2382,01:49:23,2372,70
2383,03:35:40,2373,67
2384,23:29:35,2374,9
2385,21:30:18,2375,9
2386,01:18:10,2376,12
2387,14:02:34,2377,25
2388,16:26:42,2378,72
2389,05:53:31,2379,71
2390,22:27:53,2380,90
2391,10:46:08,2381,76
2392,02:34:30,2382,13
2393,01:18:09,2383,11
2394,22:46:43,2384,16
2395,21:58:01,2385,3
2396,06:07:51,2386,67
2397,22:17:53,2387,19
2398,22:00:36,2388,2
2399,01:51:51,2389,3
2400,12:26:01,2390,89
2401,08:23:39,2391,10
2402,02:16:28,2392,61
2403,07:33:06,2393,90
2404,12:32:42,2394,75
2405,23:23:20,2395,63
2406,05:05:32,2396,3
2407,08:29:28,2397,5
2408,03:12:44,2398,79
2409,06:29:53,2399,89
2410,04:36:47,2400,2
2411,19:54:44,2401,81
2412,01:10:39,2402,9
2413,16:17:59,2403,62
2414,08:58:27,2404,30
2415,05:28:44,2405,10
2416,05:10:55,2406,2
2417,02:32:06,2407,83
2418,19:55:39,2408,65
2419,12:13:36,2409,17
2420,18:00:08,2410,13
2421,13:04:47,2411,78
2422,20:02:10,2412,72
2423,22:51:21,2413,3
2424,04:33:17,2414,74
2425,23:30:19,2415,79
2426,08:54:54,2416,22
2427,06:21:28,2417,74
2428,20:14:49,2418,76
2429,02:30:00,2419,88
2430,10:09:37,2420,2
2431,10:39:05,2421,62
2432,05:35:08,2422,5
2433,23:29:48,2423,30
2434,05:32:19,2424,79
2435,07:38:27,2425,72
2436,19:52:53,2426,10
2437,18:04:16,2427,81
2438,18:35:57,2428,11
2439,07:12:12,2429,26
2440,02:15:52,2430,75
2441,22:08:23,2431,74
2442,15:04:01,2432,78
2443,18:46:45,2433,78
2444,00:26:36,2434,70
2445,12:55:45,2435,66
2446,15:37:29,2436,82
2447,22:37:16,2437,71
2448,23:03:58,2438,19
2449,00:41:45,2439,63
2450,17:44:57,2440,75
2451,12:37:54,2441,76
2452,13:02:19,2442,80
2453,12:19:29,2443,83
2454,01:36:47,2444,30
2455,17:21:07,2445,2
2456,03:52:38,2446,24
2457,04:40:03,2447,5
2458,17:35:33,2448,29
2459,20:19:26,2449,21
2460,02:13:03,2450,69
2461,05:11:44,2451,24
2462,04:04:41,2452,76
2463,15:40:52,2453,17
2464,21:34:56,2454,61
2465,08:54:30,2455,0
2466,01:11:07,2456,82
2467,11:52:04,2457,16
2468,01:03:34,2458,63
2469,10:24:06,2459,28
2470,18:22:55,2460,80
2471,23:38:38,2461,6
2472,01:01:51,2462,85
2473,23:23:45,2463,12
2474,14:52:04,2464,89
2475,00:24:49,2465,15
2476,05:36:12,2466,4
2477,22:36:31,2467,83
2478,11:34:09,2468,13
2479,04:35:22,2469,14
2480,01:14:39,2470,80
2481,21:46:39,2471,90
2482,04:23:22,2472,81
2483,00:33:29,2473,70
2484,00:09:37,2474,64
2485,05:05:43,2475,0
2486,04:17:04,2476,20
2487,03:37:33,2477,11
2488,22:12:39,2478,3
2489,21:38:39,2479,60
2490,03:03:31,2480,84
2491,15:01:45,2481,3
2492,01:51:21,2482,14
2493,12:15:11,2483,18
2494,02:31:02,2484,13
2495,13:40:52,2485,12
2496,02:59:47,2486,77
2497,05:32:59,2487,60
2498,04:08:05,2488,81
2499,03:03:47,2489,77
2500,07:05:18,2490,8
2501,18:52:29,2491,79
2502,18:14:40,2492,79
2503,06:19:37,2493,5
2504,21:36:36,2494,84
2505,17:49:48,2495,30
2506,03:21:18,2496,74
2507,05:22:21,2497,28
2508,14:05:07,2498,66
2509,21:18:28,2499,22
2510,15:41:51,2500,11
2511,13:42:05,2501,4
2512,00:42:20,2502,17
2513,18:54:48,2503,75
2514,03:52:20,2504,84
2515,10:21:55,2505,86
2516,10:20:47,2506,85
2517,03:48:08,2507,73
2518,13:14:22,2508,13
2519,16:58:51,2509,23
2520,09:06:30,2510,27
2521,07:28:30,2511,17
2522,13:51:44,2512,4
2523,15:16:17,2513,8
2524,11:42:43,2514,73
2525,19:38:31,2515,76
2526,10:39:01,2516,26
2527,01:31:10,2517,26
2528,01:07:37,2518,22
2529,19:21:12,2519,18
2530,20:13:04,2520,90
2531,06:02:15,2521,83
2532,14:47:37,2522,80
2533,17:51:53,2523,14
2534,16:38:18,2524,17
2535,03:10:17,2525,10
2536,07:27:33,2526,74
2537,15:31:45,2527,83
2538,07:04:33,2528,65
2539,04:14:51,2529,16
2540,06:37:53,2530,72
2541,21:12:19,2531,88
2542,00:25:21,2532,2
2543,16:03:16,2533,24
2544,09:37:11,2534,1
2545,17:59:36,2535,62
2546,13:43:01,2536,76
2547,21:11:28,2537,64
2548,12:51:20,2538,23
2549,07:41:30,2539,20
2550,12:39:57,2540,10
2551,02:16:05,2541,76
2552,10:36:18,2542,16
2553,09:20:15,2543,10
2554,12:33:32,2544,24
2555,12:32:47,2545,15
2556,17:51:07,2546,23
2557,17:21:52,2547,14
2558,12:55:59,2548,20
2559,18:53:55,2549,74
2560,10:02:33,2550,69
2561,13:59:05,2551,26
2562,09:31:37,2552,2
2563,10:41:28,2553,60
2564,04:39:31,2554,66
2565,13:36:18,2555,86
2566,07:10:46,2556,80
2567,12:51:18,2557,29
2568,04:57:52,2558,19
2569,10:11:30,2559,11
2570,15:53:48,2560,69
2571,03:57:09,2561,14
2572,01:38:15,2562,23
2573,15:59:42,2563,65
2574,05:49:42,2564,18
2575,09:04:08,2565,20
2576,01:38:26,2566,64
2577,02:13:45,2567,2
2578,11:33:01,2568,90
2579,07:05:28,2569,3
2580,09:28:10,2570,29
2581,17:17:18,2571,5
2582,19:19:57,2572,11
2583,10:54:40,2573,15
2584,03:09:44,2574,24
2585,02:58:32,2575,2
2586,02:52:27,2576,23
2587,19:03:45,2577,19
2588,15:43:26,2578,19
2589,13:11:34,2579,60
2590,10:37:13,2580,88
2591,17:37:05,2581,2
2592,16:02:20,2582,22
2593,09:25:17,2583,30
2594,21:53:40,2584,82
2595,01:11:56,2585,84
2596,06:50:22,2586,10
2597,10:23:27,2587,76
2598,15:08:21,2588,0
2599,10:45:02,2589,84
2600,12:37:02,2590,3
2601,10:52:00,2591,19
2602,14:08:08,2592,3
2603,05:48:50,2593,0
2604,09:01:07,2594,70
2605,12:33:14,2595,26
2606,11:30:01,2596,88
2607,02:05:37,2597,19
2608,06:13:09,2598,11
2609,21:32:08,2599,25
2610,23:00:13,2600,87
2611,05:09:04,101,2
2612,00:18:33,102,76
2613,13:25:50,103,5
2614,15:53:35,104,68
2615,21:25:08,105,68
2616,03:02:19,106,78
2617,16:15:48,107,87
2618,00:00:04,108,68
2619,07:37:30,109,28
2620,14:24:45,110,24
2621,14:46:59,111,78
2622,20:27:16,112,81
2623,09:16:38,113,17
2624,04:06:34,114,1
2625,05:08:16,115,72
2626,10:42:47,116,65
2627,01:16:15,117,15
2628,06:25:06,118,18
2629,16:49:43,119,80
2630,15:18:09,120,74
2631,12:56:24,121,5
2632,03:31:44,122,89
2633,09:32:54,123,90
2634,17:04:38,124,14
2635,01:16:23,125,73
2636,16:34:29,126,23
2637,19:54:10,127,14
2638,06:15:01,128,65
2639,18:56:55,129,16
2640,12:15:50,130,68
2641,20:18:28,131,17
2642,23:17:50,132,28
2643,20:28:31,133,86
2644,16:04:46,134,69
2645,04:50:31,135,61
2646,15:49:55,136,77
2647,19:34:55,137,3
2648,14:56:28,138,67
2649,01:05:02,139,69
2650,03:07:50,140,66
2651,07:44:12,141,25
2652,21:43:13,142,18
2653,02:33:20,143,7
2654,07:14:03,144,84
2655,00:51:20,145,64
2656,11:03:57,146,23
2657,18:19:39,147,22
2658,09:00:29,148,29
2659,21:12:45,149,88
2660,18:44:38,150,65
2661,16:29:58,151,20
2662,09:55:53,152,77
2663,06:13:20,153,12
2664,23:49:31,154,6
2665,16:36:15,155,13
2666,05:22:33,156,82
2667,12:04:47,157,18
2668,09:08:02,158,20
2669,17:29:28,159,86
2670,13:39:19,160,74
2671,14:10:08,161,64
2672,05:43:32,162,25
2673,21:47:56,163,68
2674,06:58:19,164,22
2675,07:09:15,165,7
2676,18:05:58,166,83
2677,12:22:06,167,7
2678,10:23:12,168,85
2679,18:13:34,169,4
2680,10:28:17,170,86
2681,03:14:33,171,0
2682,09:12:46,172,21
2683,17:25:55,173,15
2684,18:10:53,174,84
2685,19:58:06,175,20
2686,04:22:48,176,28
2687,10:55:48,177,69
2688,16:10:20,178,15
2689,13:16:31,179,61
2690,04:40:46,180,29
2691,01:34:31,181,28
2692,13:37:31,182,4
2693,19:32:42,183,4
2694,00:45:20,184,76
2695,18:46:34,185,77
2696,21:55:57,186,17
2697,15:29:08,187,6
2698,01:28:58,188,74
2699,13:19:41,189,23
2700,01:35:07,190,73
2701,19:28:36,191,18
2702,00:07:09,192,11
2703,23:55:06,193,60
2704,12:05:41,194,67
2705,03:47:52,195,4
2706,21:27:45,196,73
2707,12:11:35,197,24
2708,21:12:17,198,89
2709,01:01:51,199,3
2710,20:22:35,200,0
2711,19:32:24,201,75
2712,00:32:27,202,19
2713,11:02:16,203,18
2714,13:45:54,204,1
2715,10:53:01,205,24
2716,18:28:31,206,79
2717,15:53:57,207,72
2718,17:29:05,208,89
2719,12:41:01,209,61
2720,19:40:49,210,76
2721,02:11:22,211,89
2722,18:08:51,212,68
2723,02:44:56,213,4
2724,16:29:25,214,26
2725,12:52:09,215,15
2726,23:44:24,216,86
2727,12:40:42,217,8
2728,07:39:11,218,85
2729,22:22:24,219,10
2730,13:02:36,220,76
2731,14:09:10,221,87
2732,16:03:59,222,21
2733,04:22:00,223,84
2734,00:20:04,224,82
2735,06:03:56,225,63
2736,04:41:22,226,1
2737,14:10:25,227,0
2738,12:06:01,228,3
2739,15:29:19,229,74
2740,09:10:05,230,4
2741,04:59:33,231,11
2742,05:23:11,232,14
2743,19:23:40,233,89
2744,08:00:43,234,15
2745,18:37:36,235,89
2746,09:23:44,236,62
2747,20:54:03,237,17
2748,06:34:51,238,66
2749,18:08:20,239,30
2750,01:03:24,240,65
2751,21:32:20,241,88
2752,17:54:00,242,74
2753,12:27:42,243,10
2754,11:56:55,244,30
2755,07:38:49,245,26
2756,08:58:04,246,79
2757,23:35:42,247,60
2758,18:07:54,248,84
2759,20:54:04,249,63
2760,18:41:43,250,2
2761,19:22:14,251,66
2762,11:12:40,252,1
2763,06:35:54,253,24
2764,07:49:47,254,16
2765,06:46:04,255,71
2766,19:40:09,256,3
2767,08:45:14,257,1
2768,09:05:09,258,25
2769,07:46:40,259,14
2770,02:20:19,260,13
2771,17:38:11,261,65
2772,07:08:34,262,15
2773,22:04:15,263,80
2774,14:38:21,264,3
2775,23:16:13,265,73
2776,06:33:11,266,8
2777,14:14:51,267,6
2778,15:57:47,268,9
2779,10:06:23,269,27
2780,13:46:43,270,72
2781,11:27:12,271,19
2782,11:47:22,272,69
2783,02:53:30,273,76
2784,07:18:11,274,85
2785,03:15:54,275,4
2786,17:15:22,276,6
2787,04:55:38,277,76
2788,10:06:25,278,63
2789,11:33:22,279,4
2790,08:38:16,280,6
2791,07:13:01,281,80
2792,04:38:26,282,70
2793,08:52:04,283,80
2794,23:24:03,284,26
2795,18:13:28,285,23
2796,14:25:07,286,64
2797,18:25:44,287,21
2798,04:01:05,288,12
2799,03:44:42,289,83
2800,02:41:32,290,64
2801,19:36:07,291,17
2802,00:47:18,292,14
2803,08:20:34,293,61
2804,16:41:19,294,13
2805,08:12:54,295,66
2806,14:50:05,296,70
2807,19:53:07,297,27
2808,16:24:54,298,8
2809,04:42:21,299,28
2810,04:19:49,300,2
2811,18:17:16,301,10
2812,20:09:26,302,75
2813,08:32:08,303,14
2814,10:37:14,304,23
2815,05:15:10,305,85
2816,19:44:25,306,77
2817,07:48:56,307,71
2818,11:39:38,308,90
2819,19:13:15,309,83
2820,05:04:13,310,68
2821,14:05:17,311,27
2822,12:43:40,312,26
2823,12:34:48,313,75
2824,00:24:45,314,71
2825,14:19:51,315,70
2826,06:42:26,316,77
2827,04:58:57,317,88
2828,13:59:06,318,29
2829,07:33:20,319,18
2830,11:54:10,320,69
2831,14:31:19,321,83
2832,04:33:58,322,29
2833,05:37:01,323,8
2834,11:36:43,324,64
2835,02:50:51,325,12
2836,00:47:55,326,5
2837,01:48:51,327,19
2838,09:57:27,328,11
2839,10:49:12,329,73
2840,21:39:31,330,80
2841,22:23:12,331,28
2842,10:30:37,332,20
2843,03:51:01,333,24
2844,09:00:37,334,90
2845,18:03:04,335,76
2846,04:23:22,336,65
2847,10:41:06,337,72
2848,13:42:38,338,63
2849,12:26:52,339,6
2850,21:22:31,340,64
2851,21:30:27,341,77
2852,11:46:52,342,65
2853,20:24:46,343,77
2854,21:48:03,344,79
2855,22:21:12,345,76
2856,02:23:11,346,76
2857,00:45:34,347,80
2858,14:35:54,348,14
2859,16:49:22,349,64
2860,11:33:44,350,68
2861,01:14:53,351,22
2862,23:34:55,352,82
2863,06:28:15,353,12
2864,02:21:58,354,75
2865,10:15:57,355,6
2866,06:26:32,356,4
2867,07:34:21,357,61
2868,02:26:12,358,1
2869,05:58:26,359,14
2870,03:34:53,360,1
2871,10:24:27,361,15
2872,04:29:06,362,2
2873,03:38:12,363,82
2874,16:06:13,364,82
2875,10:31:09,365,24
2876,17:35:18,366,78
2877,19:43:27,367,23
2878,02:54:34,368,67
2879,05:23:03,369,24
2880,11:19:11,370,6
2881,23:34:17,371,14
2882,18:31:02,372,73
2883,11:52:04,373,70
2884,21:15:36,374,65
2885,22:01:04,375,68
2886,03:24:47,376,4
2887,13:28:05,377,68
2888,08:51:39,378,87
2889,17:15:11,379,11
2890,14:15:18,380,89
2891,19:50:35,381,85
2892,11:56:12,382,71
2893,06:25:11,383,12
2894,20:44:01,384,75
2895,23:07:45,385,85
2896,03:31:56,386,27
2897,22:29:12,387,6
2898,04:37:58,388,26
2899,12:05:04,389,2
2900,23:50:26,390,0
2901,00:16:35,391,29
2902,03:19:51,392,83
2903,18:38:23,393,67
2904,16:45:57,394,1
2905,00:13:41,395,22
2906,21:37:53,396,29
2907,01:31:05,397,73
2908,09:31:41,398,65
2909,04:33:40,399,77
2910,03:34:24,400,85
2911,07:32:56,401,76
2912,12:17:21,402,7
2913,22:41:53,403,15
2914,09:17:28,404,83
2915,10:24:39,405,4
2916,03:03:53,406,84
2917,05:18:05,407,23
2918,05:47:58,408,11
2919,20:26:37,409,80
2920,19:23:54,410,18
2921,17:59:23,411,6
2922,02:59:28,412,28
2923,11:10:15,413,83
2924,20:25:43,414,0
2925,21:53:44,415,15
2926,08:59:12,416,78
2927,03:00:39,417,75
2928,18:48:56,418,77
2929,11:11:18,419,15
2930,09:26:01,420,60
2931,10:29:31,421,81
2932,00:42:05,422,74
2933,17:12:23,423,4
2934,23:01:01,424,23
2935,15:01:51,425,6
2936,06:08:59,426,85
2937,11:35:25,427,2
2938,17:20:50,428,79
2939,15:09:13,429,88
2940,19:03:07,430,66
2941,21:13:02,431,74
2942,09:33:34,432,64
2943,20:57:20,433,19
2944,05:01:19,434,2
2945,01:37:33,435,72
2946,21:45:30,436,68
2947,11:30:38,437,67
2948,07:56:04,438,82
2949,18:47:59,439,84
2950,03:04:36,440,81
2951,17:35:56,441,12
2952,10:39:14,442,28
2953,01:22:19,443,63
2954,17:38:39,444,67
2955,06:54:47,445,76
2956,13:49:16,446,7
2957,07:02:35,447,69
2958,07:57:02,448,22
2959,18:11:04,449,70
2960,06:34:22,450,4
2961,18:10:55,451,26
2962,04:48:28,452,83
2963,09:31:39,453,63
2964,23:39:56,454,74
2965,15:10:22,455,73
2966,08:36:50,456,66
2967,20:50:55,457,20
2968,22:42:47,458,30
2969,14:55:57,459,5
2970,22:50:25,460,90
2971,00:20:14,461,27
2972,05:39:20,462,17
2973,20:15:07,463,75
2974,09:19:16,464,74
2975,01:44:47,465,61
2976,04:36:51,466,11
2977,17:46:17,467,14
2978,23:53:27,468,10
2979,18:57:14,469,70
2980,16:23:38,470,24
2981,07:49:38,471,10
2982,00:05:21,472,83
2983,12:43:00,473,28
2984,16:31:34,474,13
2985,11:52:38,475,73
2986,11:41:36,476,86
2987,16:10:17,477,15
2988,09:06:17,478,60
2989,04:39:59,479,11
2990,06:04:23,480,60
2991,05:18:40,481,20
2992,20:47:49,482,80
2993,05:12:34,483,21
2994,02:54:56,484,73
2995,17:11:35,485,66
2996,16:27:16,486,77
2997,16:16:19,487,84
2998,16:08:23,488,90
2999,04:42:16,489,83
3000,05:13:46,490,10
3001,08:42:10,491,0
3002,23:57:54,492,85
3003,03:39:03,493,24
3004,22:31:17,494,19
3005,12:09:56,495,76
3006,06:46:30,496,22
3007,10:25:02,497,2
3008,10:19:42,498,79
3009,16:36:05,499,81
3010,18:18:48,500,19
3011,00:25:25,501,1
3012,04:47:56,502,60
3013,08:12:43,503,74
3014,03:28:03,504,60
3015,06:55:10,505,62
3016,05:48:29,506,11
3017,18:55:19,507,16
3018,07:11:01,508,17
3019,01:08:33,509,7
3020,01:07:54,510,17
3021,23:44:17,511,60
3022,10:55:09,512,8
3023,08:34:03,513,86
3024,02:44:53,514,87
3025,21:07:02,515,22
3026,17:29:14,516,18
3027,16:59:31,517,29
3028,16:57:25,518,25
3029,15:28:09,519,65
3030,06:51:27,520,30
3031,04:43:35,521,66
3032,18:39:34,522,12
3033,02:30:29,523,77
3034,21:02:27,524,5
3035,06:57:09,525,10
3036,17:34:03,526,75
3037,00:34:21,527,66
3038,13:57:07,528,65
3039,01:55:46,529,0
3040,12:46:45,530,87
3041,03:19:34,531,83
3042,00:31:45,532,73
3043,14:30:44,533,87
3044,11:47:28,534,4
3045,02:38:08,535,25
3046,13:50:00,536,18
3047,01:42:45,537,14
3048,04:01:57,538,77
3049,05:20:08,539,27
3050,19:34:01,540,90
3051,06:00:21,541,83
3052,19:44:47,542,30
3053,06:06:15,543,82
3054,07:18:49,544,4
3055,20:35:20,545,64
3056,00:49:41,546,6
3057,15:13:02,547,71
3058,04:50:57,548,64
3059,19:12:14,549,71
3060,08:58:50,550,63
3061,13:47:02,551,1
3062,21:16:05,552,83
3063,05:58:22,553,30
3064,18:14:38,554,6
3065,23:57:58,555,14
3066,14:17:13,556,22
3067,08:08:55,557,77
3068,07:01:24,558,22
3069,04:12:15,559,61
3070,16:11:56,560,19
3071,19:41:35,561,80
3072,15:40:02,562,1
3073,09:05:02,563,6
3074,07:00:34,564,87
3075,05:01:16,565,74
3076,07:21:36,566,14
3077,19:35:51,567,23
3078,21:18:24,568,11
3079,16:40:27,569,18
3080,18:10:46,570,12
3081,15:46:00,571,10
3082,08:03:10,572,70
3083,23:14:54,573,15
3084,00:47:27,574,71
3085,10:15:50,575,73
3086,02:42:53,576,12
3087,10:55:43,577,74
3088,08:27:51,578,90
3089,10:48:11,579,27
3090,18:01:08,580,69
3091,02:20:32,581,8
3092,02:54:36,582,65
3093,20:32:29,583,62
3094,21:38:23,584,80
3095,12:59:33,585,3
3096,14:43:02,586,8
3097,01:47:01,587,26
3098,17:37:53,588,11
3099,05:24:27,589,61
3100,09:03:17,590,72
3101,05:19:43,591,3
3102,13:34:08,592,6
3103,00:21:20,593,17
3104,10:41:45,594,81
3105,22:06:03,595,0
3106,16:42:26,596,70
3107,11:11:34,597,81
3108,06:50:41,598,87
3109,10:24:46,599,71
3110,21:28:03,600,5
