id_zdarzenia,adres,godzina,data
101,Fahrenheita 35,14:58:42,2022-12-14
102,Dêbowa 36,6:12:37,2021-10-14
103,Krasnoludków 18,9:12:58,2021-08-09
104,Kuronia 31,1:49:12,2022-05-12
105,Teligi 17,22:43:12,2022-09-05
106,Panieñska 45,6:34:0,2022-04-19
107,Planetarna 3,13:10:58,2022-11-02
108,Szynszylowa 37,5:47:16,2022-11-19
109,Bystrzycka 19,7:45:1,2022-01-30
110,Lelewela 50,18:13:13,2021-07-21
111,Dragana 26,13:16:39,2022-08-27
112,Sucha 26,10:35:38,2022-08-12
113,Wojskiego 7,12:24:31,2021-06-04
114,Trubadurów 38,7:24:6,2021-12-03
115,D¹bka 42,6:37:38,2021-05-11
116,Leszczyñskich 45,18:0:32,2021-01-17
117,Radna 41,8:0:12,2022-08-16
118,Mieros³awskiego 18,10:23:27,2022-09-30
119,£owicka 46,17:25:41,2022-01-07
120,Doroszewskiego 30,20:48:44,2022-06-08
121,Matki Polki 14,7:28:18,2022-10-02
122,Czereœniowa 27,23:28:21,2021-06-19
123,Morawska 2,9:43:38,2022-03-10
124,Staszica 9,20:9:20,2022-07-14
125,Tunel im. abp. Tadeusza Goc³owskiego 19,19:47:56,2021-03-09
126,Wiolinowa 36,3:12:39,2022-04-29
127,¯urawia 9,11:9:10,2021-07-28
128,Wileñska 37,18:36:38,2021-05-15
129,Go³uñska 15,9:41:6,2022-06-02
130,£u¿ycka 35,12:52:34,2021-12-02
131,Zamkniêta 29,20:16:57,2022-10-02
132,Lwowska 45,8:49:38,2021-04-20
133,Kolorowa 43,13:27:42,2022-02-28
134,Porzeczkowa 27,21:34:5,2022-08-28
135,Rycerza Blizbora 22,8:7:41,2021-04-16
136,Poniatowskiego 3,4:28:18,2021-05-14
137,Doki 29,10:26:53,2021-09-05
138,Kolejarzy 48,3:46:14,2021-04-21
139,Sobieszewska 34,7:14:35,2021-06-02
140,Kiliñskiego 5,14:43:5,2022-09-16
141,Chodackiego 24,14:35:59,2021-01-14
142,Dojazdowa 43,22:32:10,2022-07-31
143,Antygony 33,1:29:30,2021-07-31
144,Styp-Rekowskiego 46,1:36:38,2021-05-21
145,Boles³awa Krzywoustego 34,0:28:35,2022-11-22
146,Sendlerowej 17,19:15:42,2021-10-10
147,Akacjowa 10,14:9:39,2021-12-03
148,Oliwska 32,5:10:30,2021-06-26
149,Ametystowa 41,0:50:44,2022-05-05
150,Nowiec 8,13:47:20,2021-06-28
151,Rzêsna 42,4:32:10,2022-10-07
152,Biwakowa 47,9:4:14,2022-03-17
153,I³owa 4,15:18:54,2022-02-14
154,Oliwska 43,13:34:8,2021-05-27
155,Lipcowa 24,10:15:34,2021-03-01
156,Rolna 40,17:1:15,2022-04-15
157,Morawska 34,2:20:13,2021-02-25
158,Cedrowa 47,9:48:53,2021-03-26
159,Kamieñskiego 9,9:23:27,2021-10-25
160,Zielony Zak¹tek 7,10:11:41,2022-08-15
161,de Gaulle'a 36,6:37:38,2021-01-05
162,Norblina 49,19:4:39,2022-01-09
163,Rondo Rybaków 8,11:57:22,2022-08-16
164,Sianowska 40,19:20:22,2021-02-13
165,Kolonia Zaranie 28,20:9:27,2022-06-10
166,Lêborska 39,16:44:0,2022-09-23
167,Myœliwskie Wzgórze 1,4:43:20,2022-08-03
168,Saperów 40,2:1:49,2021-10-16
169,Trakt œw. Wojciecha 19,4:34:48,2022-09-25
170,Lipce 35,7:11:56,2021-05-27
171,Osowski Zak¹tek 24,9:6:19,2022-04-17
172,Srebrniki 32,8:43:55,2022-09-21
173,Notecka 50,20:28:21,2021-07-17
174,Miszewskiego 26,16:47:0,2022-10-18
175,Ho³du Pruskiego 43,11:25:24,2022-02-28
176,Kolonia Mysia 36,20:21:32,2021-05-09
177,Handlowa 44,14:27:55,2021-05-17
178,Ogryczaków 30,12:1:13,2021-10-13
179,Cementowa 19,21:47:12,2021-12-09
180,Trawki 9,16:14:58,2021-02-21
181,Mozarta 22,19:56:56,2021-05-06
182,Wolarza 4,22:10:3,2021-03-25
183,Rondo im. 77 pu³ku AK 28,8:4:30,2021-05-29
184,Nowy Œwiat 38,13:57:41,2021-12-04
185,Boguckiego 36,1:5:16,2022-09-17
186,Winogronowa 2,18:12:39,2021-07-09
187,Zacisze 27,10:59:41,2022-12-06
188,Rac³awicka 18,8:54:51,2022-10-18
189,Szarotki 46,23:4:25,2021-05-21
190,Goska 33,16:5:12,2021-10-13
191,Podleœna 9,10:41:4,2022-10-12
192,Jednoro¿ca 46,16:0:26,2021-05-23
193,Szafera 32,5:53:14,2021-01-19
194,Dominika 49,23:14:56,2022-08-01
195,Sportowa 48,17:56:23,2021-01-31
196,Najœwiêtszej Maryi Panny 5,1:33:47,2021-04-23
197,Wielkopolska 14,6:6:17,2022-04-27
198,Pólnicy 6,19:28:38,2022-12-05
199,Borchardta 3,3:14:16,2021-01-21
200,¯arnowiecka 33,8:35:8,2021-05-28
201,Sienna 28,16:25:2,2021-02-25
202,Teleskopowa 5,8:56:27,2022-12-24
203,Panieñska 24,16:47:0,2021-10-05
204,Grz¹ska 38,13:46:16,2021-06-05
205,Damroki 22,16:42:9,2022-05-03
206,Worcella 39,2:0:50,2021-06-01
207,Jaworzniaków 48,1:37:34,2021-05-17
208,Szymanowskiego 21,23:54:55,2022-01-13
209,Myœliborska 41,9:36:54,2022-08-25
210,Po³udniowa 29,19:32:33,2021-06-02
211,Juraty 33,18:53:52,2021-07-21
212,Kruszwicka 25,1:56:34,2021-08-26
213,Fiszera 30,9:2:21,2022-11-25
214,100-lecia Zwi¹zku Harcerstwa Polskiego 32,0:16:33,2022-12-13
215,Dolna 44,5:14:25,2022-06-04
216,Kunickiego 22,14:56:41,2021-12-15
217,Czermiñskiego 42,19:15:35,2022-02-28
218,Wa³owa 44,0:23:10,2022-12-24
219,Ko³odzieja 10,18:44:55,2021-09-30
220,Go³êbia 36,17:56:7,2022-11-15
221,Biernackiego 5,17:44:33,2021-07-01
222,Dunikowskiego 45,18:54:5,2022-08-28
223,Amundsena 6,5:2:53,2021-04-13
224,Nowotna 1,5:42:28,2022-12-08
225,Szuwary 48,5:1:48,2022-05-05
226,Raduñska 50,3:11:50,2021-04-18
227,Wendy 31,14:10:58,2022-11-30
228,Brodnicka 49,9:45:47,2022-11-26
229,Azymutalna 40,1:51:4,2021-11-19
230,Rzeczna 39,21:13:16,2022-12-18
231,Lipowa 30,11:19:25,2022-05-03
232,Wróbla 41,13:56:17,2021-12-23
233,Stara Twierdza 3,5:19:37,2021-06-04
234,Pohoreckiego 33,19:24:37,2022-07-27
235,Przegaliñska 18,19:31:16,2022-08-01
236,Politechniczna 8,11:34:17,2022-03-27
237,Tulipanów 20,7:26:53,2022-04-21
238,Zamenhofa 49,8:20:7,2021-12-06
239,Czy¿yków 4,4:19:23,2022-02-16
240,Rybackie Pobrze¿e 7,3:49:30,2021-02-07
241,Krzemienieckiej 14,3:20:58,2022-10-01
242,Klukowska 23,17:37:18,2022-03-04
243,Andersena 30,11:12:43,2021-08-22
244,G³ucha 37,19:33:2,2021-10-30
245,Aleja Vaclava Havla 37,3:14:19,2022-06-18
246,Kolonia Orka 10,16:20:46,2022-09-08
247,Zawodników 11,10:59:55,2022-07-04
248,B³oñska 31,18:2:48,2022-04-01
249,Jeziorowa 34,18:49:33,2022-01-18
250,Budowlanych 6,18:59:1,2021-06-13
251,Borchardta 16,4:25:26,2021-09-15
252,Odrzañska 41,14:56:35,2021-01-08
253,Bogus³awskiego 29,9:3:43,2022-05-04
254,Smêtna 39,10:21:28,2021-03-27
255,Kurpiñskiego 48,10:38:39,2021-11-20
256,Gdyñskich Kosynierów 44,20:36:51,2022-12-30
257,W³adys³awa IV 16,2:12:58,2022-07-01
258,Lindego 9,8:22:50,2022-11-16
259,Kutnowska 47,3:16:23,2022-03-27
260,Temidy 39,5:52:32,2021-04-21
261,£agowska 44,11:33:56,2022-11-05
262,W¹sika 12,13:30:19,2021-04-04
263,Waryñskiego 15,19:15:36,2022-10-18
264,Plater 33,13:21:12,2022-12-04
265,Przybrze¿na 2,10:42:22,2022-02-26
266,Cumowników 39,6:51:47,2021-07-25
267,Kormoranów 2,20:46:59,2021-03-29
268,Skwer Gyddanyzc 44,12:37:33,2022-03-16
269,Cmentarna 47,13:8:55,2021-05-28
270,Spichrzowa 20,6:42:33,2022-04-01
271,Karskiego 11,2:7:51,2021-02-24
272,Robotnicza 25,19:29:50,2021-11-28
273,¯ylewicza 4,23:27:44,2022-05-13
274,W³adys³awa IV 46,3:0:11,2021-04-01
275,¯eromskiego 33,0:43:17,2022-08-21
276,Szkutnicza 47,17:56:37,2022-03-17
277,Antczaka 25,20:7:45,2021-11-14
278,Nowowiejskiego 48,17:58:21,2021-11-17
279,Olimpijska 48,21:6:2,2022-09-15
280,Fredry 4,14:30:33,2022-03-28
281,Poniatowskiego 23,23:40:38,2022-01-10
282,Lirowa 47,15:26:31,2021-08-12
283,Reduta Dzik 10,11:11:20,2022-09-13
284,Ma³achowskiego 14,4:6:55,2022-07-06
285,Potyra³y 49,23:3:43,2021-01-17
286,Roz³ogi 15,16:29:56,2022-08-09
287,Mostowa 40,0:44:54,2021-04-13
288,Wilanowska 17,16:29:25,2022-11-09
289,Saturna 15,23:40:7,2021-01-18
290,Biegañskiego 31,22:51:5,2022-07-06
291,Augustyñskiego 40,11:31:11,2021-11-12
292,Czecha 48,2:40:19,2022-10-19
293,Junacka 23,0:56:36,2021-04-09
294,Maciejkowa 13,17:5:18,2021-05-12
295,Park Ks. Kanonika Kazimierza Orkusza 21,18:35:36,2021-01-05
296,Tysi¹clecia 50,5:18:18,2022-10-03
297,Rysia 34,13:8:27,2022-11-20
298,Heweliusza 1,23:49:9,2022-01-21
299,Dobrzyñskich 3,17:41:14,2021-11-09
300,Szopiñskiego 32,6:28:51,2021-10-04
301,Olimpijska 4,17:4:37,2022-07-03
302,Bohomolca 39,19:11:25,2022-01-16
303,£abêdzia 49,4:53:59,2022-01-07
304,¯aglowa 50,2:17:37,2021-02-01
305,Trzeciego Tysi¹clecia 18,13:28:20,2022-04-04
306,Kielasa 39,7:14:31,2021-02-19
307,Beniowskiego 42,18:29:23,2021-11-10
308,Wagnera 3,20:45:21,2022-02-20
309,Delfina 12,6:24:41,2021-07-18
310,Fabryczna 22,8:46:27,2022-06-21
311,Orfeusza 4,0:34:40,2022-03-17
312,Bergiela 7,5:14:24,2022-09-09
313,Pniewskiego 45,3:57:19,2021-11-06
314,Zeusa 13,13:20:31,2022-06-02
315,Pi³karska 10,8:23:13,2021-07-29
316,Czêstochowska 10,3:5:41,2022-02-27
317,Lilli Wenedy 50,14:11:25,2022-08-16
318,Niedzia³kowskiego 11,8:29:4,2021-06-10
319,Zawiejska 39,2:23:39,2022-02-17
320,Sianowska 7,19:29:14,2021-04-28
321,Spacerowa 31,0:47:15,2022-10-08
322,Bukowa 7,10:29:16,2022-03-21
323,Choczewska 21,1:27:23,2022-11-26
324,K³osowa 39,15:40:45,2022-11-16
325,Nagórskiego 29,18:41:30,2021-04-27
326,S³onecznikowa 36,19:12:58,2022-05-21
327,Dworcowa 30,16:0:10,2022-06-28
328,Reja 34,12:1:16,2021-08-15
329,Astrowa 26,11:41:1,2021-05-02
330,Kurierów Armii Krajowej 39,20:26:44,2022-09-20
331,Polanki 26,18:59:56,2022-10-31
332,Basztowa 48,11:50:44,2022-09-17
333,Czerwcowa 30,23:40:29,2021-05-06
334,Mirachowska 35,1:56:15,2021-03-01
335,Akwenowa 23,2:12:16,2021-01-17
336,Stokrotki 45,22:43:51,2021-09-28
337,Park Ks. Kanonika Kazimierza Orkusza 28,21:55:27,2021-04-21
338,Ptasia 44,7:0:31,2021-03-05
339,Dzwonki 45,22:38:1,2022-09-04
340,Tandeta 9,10:4:56,2022-03-30
341,Sulêczyñska 30,14:33:49,2022-08-28
342,Dêbowa 24,15:26:16,2021-07-13
343,Sztormowa 41,16:26:47,2022-05-22
344,Wiêcierze 9,6:17:8,2021-02-13
345,Przyjació³ 11,21:9:6,2021-03-16
346,G³ogowska 45,9:13:22,2021-11-23
347,Krosienka 33,1:45:59,2022-12-05
348,P³ocka 48,23:5:29,2022-08-24
349,Pok³adowa 32,6:52:57,2022-01-20
350,Jasiñskiego 5,20:26:26,2021-05-27
351,Romañska 15,16:43:5,2021-06-30
352,Rakoczego 44,21:2:34,2022-11-23
353,Dzia³yñskiego 35,16:29:56,2021-02-24
354,Rogaliñska 16,3:32:31,2022-10-25
355,Ja³mu¿nicza 39,11:4:45,2021-07-16
356,Sieroca 1,2:11:36,2021-08-28
357,Polonii Gdañskiej 3,13:46:44,2021-09-20
358,Maciejewicza 17,23:2:24,2021-03-11
359,Zajêcza 35,1:13:6,2022-12-09
360,Wilcza 28,17:52:2,2022-11-23
361,Chrzanowskiego 26,18:50:21,2022-03-25
362,Alberta 32,7:39:55,2021-01-05
363,K³adki 23,0:54:20,2021-11-09
364,Pilotów 3,4:42:25,2022-09-05
365,Niemcewicza 1,1:12:52,2021-08-07
366,Radomska 39,17:16:13,2022-10-05
367,Pasteura 4,6:40:0,2021-07-14
368,Magellana 39,14:46:6,2022-10-17
369,£anowa 50,8:20:32,2022-12-05
370,Kielnieñska 31,1:52:16,2022-08-26
371,Stwosza 39,11:9:2,2021-08-02
372,Skwer im. Anny Walentynowicz 7,14:58:38,2021-01-07
373,Groszkowa 27,12:53:17,2021-07-03
374,Kolonia Mysia 1,18:54:1,2022-10-15
375,Stachury 39,5:33:44,2021-10-17
376,Niegowska 23,10:17:9,2022-11-02
377,Zubrzyckiego 45,10:35:7,2021-03-29
378,Sielska 6,4:1:28,2022-01-20
379,Frezjowa 18,0:37:35,2022-07-13
380,Gabrysiak 19,12:19:40,2021-08-07
381,Wrzeszczañska 9,21:0:50,2021-10-02
382,Targ Wêglowy 25,17:5:56,2022-10-02
383,Cumowników 13,6:33:58,2022-07-24
384,Urana 7,11:40:6,2021-09-25
385,Ja³mu¿nicza 9,18:20:9,2022-11-07
386,Czarnieckiego 11,8:47:22,2022-03-02
387,Portowców 23,6:33:38,2022-12-05
388,Borska 42,4:19:7,2022-04-12
389,Jelinki 21,20:43:52,2022-11-19
390,Juraty 17,0:14:35,2022-05-11
391,Kolonia Studentów 46,13:3:59,2022-07-10
392,Zacna 31,4:52:40,2022-06-26
393,Szopiñskiego 4,17:45:14,2021-01-26
394,Wybickiego 34,3:22:21,2022-04-29
395,Narcyzowa 2,23:33:6,2021-01-20
396,Konarskiego 49,12:45:31,2021-09-14
397,Miedziana 46,5:26:27,2022-04-26
398,Niwki 1,6:44:10,2022-01-07
399,Biskupia 37,18:35:37,2021-10-22
400,P³oñska 25,19:52:56,2022-08-27
401,Leœny Stok 50,3:13:29,2022-12-29
402,Protazego 42,9:7:54,2022-02-01
403,Teligi 30,5:37:41,2021-01-19
404,Arkoñska 34,2:4:1,2021-12-24
405,Rzeczypospolitej 46,11:0:36,2021-09-06
406,Szeroka 17,3:8:26,2021-04-23
407,Doroszewskiego 34,16:10:50,2022-03-07
408,¯ylewicza 39,4:50:16,2022-04-21
409,Do Studzienki 1,20:26:56,2022-02-19
410,Rakoczego 48,1:55:36,2021-11-13
411,Dzia³yñskiego 12,20:10:23,2021-08-21
412,Miedza 21,7:23:50,2022-05-07
413,Podleœna 6,9:23:46,2021-11-11
414,Maszynowa 2,10:5:9,2022-07-15
415,Zagórna 39,18:51:52,2022-01-10
416,Szczêœliwa 41,5:17:14,2022-10-15
417,Dedala 34,12:7:12,2021-09-16
418,Krêckiego 26,17:29:43,2021-02-07
419,Dywizji Wo³yñskiej 39,8:19:35,2021-08-24
420,Bracka 18,11:20:22,2022-04-07
421,Krucza 43,1:4:2,2021-05-11
422,Myœliwska 25,21:24:42,2021-12-18
423,Skwer S¹siadów 5,20:22:41,2022-11-30
424,D³ugie Ogrody 18,12:23:29,2022-12-12
425,Szybowcowa 15,20:14:50,2021-08-16
426,Kubusia Puchatka 45,2:7:6,2022-07-09
427,Podjazd 36,14:47:15,2021-08-13
428,Storczykowa 2,8:57:40,2022-07-13
429,Gryfa Pomorskiego 50,2:10:8,2021-12-28
430,Niegociñska 26,1:57:2,2022-01-24
431,Doroszewskiego 46,9:7:37,2021-01-15
432,Ojcowska 2,6:34:0,2022-12-15
433,Hynka 43,21:7:29,2022-06-30
434,Uzdrowiskowa 47,16:55:8,2022-10-16
435,Wios³owa 27,20:27:52,2021-06-04
436,Bednarska 39,1:32:26,2022-12-04
437,Toruñska 20,8:1:23,2021-03-06
438,Œwiêtojañska 17,4:0:34,2021-10-22
439,Wspó³czesna 48,18:43:42,2022-10-08
440,Brzozowa 26,1:1:53,2022-01-15
441,Sygietyñskiego 29,10:39:20,2022-06-05
442,Gotycka 14,12:28:54,2021-07-05
443,Wie¿ycka 5,17:12:22,2021-03-29
444,Smêgorzyñska 9,9:27:21,2021-04-15
445,Centaura 48,3:56:10,2021-05-13
446,Orzechowa 31,14:10:48,2022-08-17
447,Kopernika 48,14:42:25,2022-11-27
448,Kormoranów 47,10:8:12,2021-11-22
449,Sitowie 6,14:7:44,2021-08-22
450,Twarda 26,16:50:58,2022-03-24
451,Astrowa 32,10:52:6,2021-12-03
452,Tartaczna 20,11:41:23,2021-02-15
453,Grunwaldzka 25,10:1:34,2021-05-01
454,Wêze³ im. Carla Groddecka 42,20:49:58,2021-07-19
455,Jasiñskiego 37,18:19:55,2022-08-06
456,B³êkitna 33,3:58:27,2021-10-02
457,Cefeusza 24,9:43:54,2022-06-26
458,Przyjació³ 15,19:49:9,2022-04-03
459,Gdañca 49,16:30:30,2022-06-25
460,Strzelca 22,17:16:0,2021-01-24
461,de Gaulle'a 38,5:20:47,2022-09-14
462,Nidzicka 25,17:51:57,2021-11-06
463,Syrokomli 44,19:11:20,2021-05-05
464,Brzechwy 49,9:9:19,2022-11-26
465,Zab³otna 17,19:36:10,2022-12-02
466,Chmielna 42,19:52:19,2021-08-22
467,Jeziorowa 35,11:4:52,2022-06-27
468,Rac³awicka 8,2:0:28,2021-04-16
469,Letnicka 17,13:16:31,2021-09-29
470,Hermesa 32,5:46:40,2021-02-08
471,Lwowska 18,23:8:3,2021-02-23
472,Na Wzgórzu 15,0:7:50,2021-08-19
473,Chopina 2,8:52:13,2021-01-15
474,Kobzdeja 50,3:15:30,2021-01-27
475,Domeyki 27,16:58:48,2022-08-23
476,Matuszewskiego 32,5:56:40,2022-01-22
477,Derdowskiego 38,16:30:12,2021-05-19
478,Wilgi 42,2:31:18,2022-12-12
479,Niemena 37,15:51:30,2021-02-13
480,Sikorskiego 18,12:7:30,2021-07-08
481,Bacha 14,16:26:12,2021-07-14
482,P³owce 2,20:17:21,2021-05-29
483,Poinca 20,14:45:17,2021-12-14
484,Op³otki 20,11:32:13,2021-09-08
485,Cieplewska 18,3:35:30,2022-07-02
486,Kampinoska 10,8:15:2,2021-02-14
487,Mieros³awskiego 12,14:45:47,2021-02-21
488,Czerska 6,15:38:23,2022-12-15
489,Œcie¿ki 49,9:24:40,2022-08-13
490,Minogi 14,7:28:1,2022-11-29
491,Smolna 7,17:17:42,2022-02-02
492,Brzegi 31,13:44:25,2021-01-05
493,£ódzka 38,4:2:35,2021-07-15
494,Warneñska 6,23:16:11,2022-11-07
495,Diany 37,7:13:56,2021-10-21
496,Budziszów 42,7:31:17,2021-05-12
497,Refektarska 31,20:0:13,2021-03-17
498,Rokitnikowa 19,4:28:5,2022-02-21
499,Przywidzka 14,16:35:0,2022-08-19
500,P³owce 39,8:56:8,2022-08-21
501,Leœny Potok 32,4:43:37,2021-07-25
502,Mehoffera 9,9:11:39,2022-10-12
503,Westy 6,8:13:24,2021-11-08
504,Refektarska 1,14:24:19,2022-01-23
505,Altanki 42,6:12:26,2021-08-14
506,Górka 30,2:23:46,2021-02-03
507,Radomska 25,10:7:32,2021-12-16
508,Korczaka 19,16:5:29,2021-05-04
509,Brylantowa 44,1:5:30,2022-07-21
510,Przetoczna 5,16:22:58,2022-10-30
511,Rybacka 26,10:49:38,2022-09-15
512,Gnilna 8,6:54:59,2021-05-24
513,Modrzewskiego 33,5:18:16,2022-11-29
514,PowroŸnicza 22,3:49:7,2021-10-23
515,Sukiennicza 9,15:34:10,2021-10-13
516,Brygidki 31,15:24:42,2021-04-20
517,Jagiellonki 22,20:54:1,2022-11-15
518,Odyseusza 8,13:51:50,2022-04-24
519,Konkordii 17,7:26:27,2021-01-07
520,Nowa 6,6:51:11,2022-07-18
521,Astronautów 25,3:25:17,2022-10-29
522,Wa³y Jagielloñskie 19,12:52:57,2022-08-08
523,Wêgrzyna 20,3:3:24,2022-04-17
524,Sychty 25,3:17:11,2021-07-24
525,Gdañskiego Kolejarza 23,1:36:24,2022-04-21
526,Stêpkarska 29,6:49:26,2021-10-02
527,Œcie¿ki 35,6:51:17,2021-07-23
528,G³ucha 36,2:13:51,2021-03-20
529,Lubelska 28,17:7:20,2022-03-16
530,Milskiego 12,21:0:37,2021-02-02
531,Soplicy 24,6:59:26,2022-09-22
532,Jasna 33,18:47:18,2021-05-28
533,Knyszyñska 22,3:11:30,2022-07-17
534,Pastelowa 5,7:47:54,2022-02-08
535,Migowska 5,7:40:41,2022-11-05
536,Tischnera 48,19:21:53,2022-12-14
537,Mi³a 48,4:53:23,2021-11-14
538,Rakoczego 40,7:53:31,2022-01-26
539,Heweliusza 7,9:18:36,2022-07-24
540,Dickmana 34,2:16:54,2021-08-15
541,Browicza 13,21:24:9,2021-08-03
542,Wronia 5,10:10:4,2022-08-26
543,S³oneczna 46,17:34:36,2022-03-15
544,Na Piaskach 21,11:10:34,2021-09-16
545,Podleckiego 37,22:39:18,2021-01-03
546,Doroszewskiego 42,18:38:59,2021-09-08
547,Kaprów 27,4:6:49,2021-11-03
548,Teatralna 20,19:43:5,2022-03-18
549,Bergiela 28,12:53:24,2022-10-26
550,Legnicka 31,7:29:4,2022-04-25
551,Owsiana 45,22:8:6,2021-12-31
552,Rybaki Górne 35,18:27:36,2022-08-13
553,Tymiankowa 1,15:49:42,2021-01-07
554,Reagana 38,6:52:15,2021-05-16
555,Rodzinna 46,21:2:55,2021-06-11
556,£ostowicka 10,15:19:26,2022-11-18
557,Pó³nocna 45,4:40:55,2021-10-06
558,Jesienna 42,23:58:43,2021-07-13
559,Sybiraków 12,8:19:39,2022-08-29
560,Kraszewskiego 2,2:10:39,2022-04-23
561,Sowia 13,19:39:6,2022-11-26
562,Prometeusza 28,20:43:22,2022-06-16
563,Zielony Zak¹tek 27,21:57:36,2021-10-10
564,Pucka 24,9:28:46,2021-11-22
565,Osiñskiego 17,7:27:58,2022-01-10
566,Glinki 16,14:13:32,2021-07-10
567,Temidy 37,10:37:21,2021-03-10
568,Lazurowa 30,17:7:1,2021-12-18
569,Batalionów Ch³opskich 11,9:36:2,2022-05-04
570,Bielañska 41,23:2:4,2021-10-11
571,Miêdzygwiezdna 7,0:54:36,2022-01-07
572,Kartuska 19,21:28:50,2021-12-03
573,Piastowska 12,3:20:50,2021-07-10
574,Kolonia Anielinki 41,2:5:5,2022-11-15
575,Czarnowskiego 9,19:27:56,2022-03-09
576,Michalaka 44,16:55:55,2021-02-13
577,Pogodna 44,16:19:30,2022-08-21
578,Witosa 42,17:6:17,2022-01-22
579,Partyzantów 8,17:0:0,2021-07-03
580,Cha³ubiñskiego 38,21:39:42,2021-05-27
581,Ró¿ana 11,11:9:20,2022-03-22
582,Wilczewskiego 38,2:22:10,2022-09-08
583,Relaksowa 10,18:49:25,2022-01-21
584,Komety 49,20:33:1,2021-12-08
585,Turystyczna 27,11:18:59,2022-03-21
586,Wiolinowa 19,17:55:49,2021-09-22
587,Stê¿ycka 38,12:11:9,2022-12-04
588,Ko³³¹taja 24,18:53:49,2022-11-28
589,Brygady 19,2:57:16,2022-09-23
590,Górzysta 44,13:59:22,2022-12-01
591,Na Zboczu 25,17:24:6,2022-08-10
592,Kolonia Przysz³oœæ 21,13:24:37,2021-02-16
593,Zaœcianek 22,0:16:13,2022-11-24
594,Zalesie 34,22:58:34,2021-01-11
595,Kwidzyñska 2,8:51:23,2021-07-25
596,Ojcowska 49,16:20:45,2022-01-19
597,Czermiñskiego 45,5:52:45,2021-11-30
598,Stary Rynek Oliwski 24,18:21:5,2021-10-24
599,Zgody I 34,16:32:31,2022-10-29
600,Okólna 39,6:33:32,2022-04-15
601,Suchanka 46,6:22:52,2022-10-07
602,Limbowa 10,11:1:25,2022-09-30
603,Olsztyñska 14,3:12:3,2021-08-15
604,Czubiñskiego 37,6:55:4,2021-03-20
605,Popie³uszki 40,6:21:43,2021-06-17
606,Paneckiego 11,7:12:49,2021-09-22
607,Osiedle 32,16:23:51,2022-08-11
608,Chodkiewicza 35,2:53:45,2022-10-09
609,Kowalska 29,0:6:38,2022-08-01
610,Gdañska 34,1:23:12,2021-03-09
611,Notecka 42,10:37:19,2022-03-31
612,Jadwigi 48,16:1:28,2021-09-23
613,Plejady 20,11:5:1,2021-08-17
614,Portowców 34,6:21:59,2021-11-26
615,Tezeusza 5,21:8:35,2022-03-27
616,Blizowa 8,9:17:6,2022-08-01
617,Targ Sienny 24,17:49:45,2022-04-18
618,Sierakowicka 47,0:54:30,2021-04-14
619,Owczarnia 31,12:24:25,2021-04-28
620,Kurpiñskiego 40,11:25:13,2022-07-07
621,Koœcierska 24,18:34:35,2021-10-01
622,Marii Ludwiki 8,20:7:26,2021-10-25
623,Osowski Zak¹tek 22,4:51:29,2022-08-20
624,Kielecka 11,2:31:50,2022-12-19
625,Gdañskiego Kolejarza 15,15:9:30,2021-06-22
626,Sieroca 29,7:24:0,2022-11-20
627,Cmentarna 11,20:10:7,2021-06-13
628,Letnia 23,23:43:18,2022-03-13
629,Amundsena 11,19:51:25,2021-01-28
630,M³yñska 2,6:21:36,2021-12-04
631,Ch³opska 23,10:24:45,2021-03-10
632,Owsiana 2,11:10:53,2021-05-31
633,Kapitañska 34,11:4:13,2022-07-28
634,Igielnicka 13,1:43:56,2022-09-08
635,Kolejowa 49,5:23:3,2021-04-17
636,Marynarki Polskiej 26,2:10:10,2022-12-09
637,Gra¿yny 41,6:8:22,2022-11-09
638,Poniatowskiego 50,12:54:28,2022-06-28
639,Czajki 6,2:12:48,2022-10-01
640,Tuchomska 18,7:3:28,2021-04-01
641,Brygady 3,18:22:4,2022-02-20
642,Garczyñska 35,21:2:18,2022-10-22
643,Kolbudzka 45,5:11:57,2022-03-03
644,Filomatów 21,8:25:43,2021-12-08
645,Norwida 50,5:33:19,2022-08-28
646,Pusta 2,0:7:51,2021-12-11
647,Góralska 2,20:33:8,2021-06-20
648,Zamenhofa 27,22:15:1,2022-06-04
649,Krañcowa 6,2:37:45,2022-02-12
650,Na Szañcach 13,7:52:15,2022-09-02
651,Oliwska 31,23:29:59,2021-03-08
652,Aldony 45,23:30:36,2022-08-24
653,Strzelca 18,23:51:48,2021-05-03
654,Nowotna 31,2:5:6,2022-04-03
655,Radunicka 29,8:35:49,2022-11-17
656,Jachtowa 4,20:2:26,2021-06-20
657,Gowidliñska 31,3:33:2,2021-06-23
658,Kamienna Grobla 6,13:50:32,2021-10-16
659,Hoene 31,23:48:0,2022-08-08
660,Uranowa 14,19:9:4,2022-06-22
661,Zau³ek œw. Bart³omieja 29,3:6:32,2022-01-31
662,Botaniczna 2,2:24:22,2021-02-07
663,Czubiñskiego 28,14:15:24,2021-11-14
664,Nike 29,21:7:13,2021-12-29
665,Bystrzycka 40,19:16:36,2022-05-25
666,Borówkowa 1,23:28:19,2022-10-12
667,Mamuszki 14,23:7:53,2021-06-24
668,Staszica 31,2:53:5,2021-01-31
669,Zielony Stok 43,21:9:55,2022-09-11
670,Wspornikowa 30,4:47:16,2021-11-30
671,Mewy 37,7:36:19,2021-04-01
672,Sempo³owskiej 21,17:1:32,2022-06-07
673,Ma³cu¿yñskiego 30,13:20:24,2022-02-04
674,Sosnowa 24,22:49:30,2022-10-13
675,Po Schodkach 41,14:26:34,2022-02-16
676,Ogrodowa 36,9:44:19,2021-05-17
677,Kraszewskiego 42,15:50:5,2022-11-16
678,Nowiny 1,16:55:27,2021-10-01
679,Leœna Góra 6,11:9:51,2022-12-31
680,Kobieli 35,16:59:14,2021-09-25
681,Dar¿lubska 6,11:0:7,2022-03-21
682,Klesza 43,20:33:55,2022-07-06
683,Po³czyñska 16,8:21:53,2021-04-19
684,Rybitwy 17,3:50:21,2021-12-12
685,Katarzynki 7,8:47:42,2022-09-02
686,Po Schodkach 11,22:57:17,2021-02-11
687,Baczyñskiego 32,15:2:39,2021-02-06
688,Nagietkowa 5,8:17:0,2021-04-25
689,GoŸdzikowa 29,6:11:22,2022-03-11
690,Sienna Grobla 9,7:0:30,2021-05-15
691,Drzyma³y 6,2:6:49,2021-12-28
692,Kaliska 15,2:43:45,2021-11-26
693,Zosi 17,4:51:48,2022-12-08
694,Zabytkowa 17,11:47:10,2022-06-02
695,Ró¿yckiego 33,4:8:40,2021-05-13
696,Jelinki 15,0:29:24,2021-01-06
697,Porzeczkowa 8,8:59:37,2021-08-05
698,Cha³ubiñskiego 45,15:44:55,2022-02-22
699,Dantyszka 2,15:30:13,2022-01-21
700,Rondo Komitetu Obrony Robotników 42,16:26:52,2021-08-21
701,Prusa 47,2:42:53,2022-02-27
702,Maciejewicza 12,12:8:47,2021-02-05
703,Górzysta 2,2:6:7,2021-04-05
704,Pu³askiego 44,7:50:45,2022-07-06
705,Wawelska 39,0:54:28,2021-12-22
706,Przyjazna 10,23:39:4,2022-01-13
707,Przemyska 39,13:51:30,2021-06-09
708,Panieñska 7,22:26:17,2022-05-23
709,Bratki 41,12:10:39,2021-12-01
710,Wojskiego 35,6:15:28,2021-10-22
711,Daru Pomorza 20,23:40:13,2022-04-16
712,Korzeniowskiego 25,18:40:42,2021-05-04
713,Listki 47,18:55:16,2022-12-03
714,Czarnowskiego 20,12:45:18,2022-12-30
715,Zbyszka z Bogdañca 28,13:47:54,2021-10-26
716,Rybiñskiego 31,20:18:10,2021-07-06
717,Za Murami 25,15:51:17,2022-12-13
718,Szuwary 39,14:16:59,2022-03-05
719,Zacisze 29,21:11:25,2022-09-30
720,Panieñska 48,9:14:29,2021-03-21
721,de Gaulle'a 26,15:49:44,2022-09-25
722,S³owiañska 37,10:24:23,2021-08-13
723,Zdrojowa 4,14:14:44,2021-02-16
724,Ukoœna 14,18:40:34,2022-04-19
725,Budziszów 6,0:55:53,2021-12-20
726,Traugutta 42,5:18:16,2022-04-11
727,Zagórna 11,2:14:44,2021-08-05
728,Komorowskiego 37,6:3:32,2021-01-29
729,Kaprów 21,13:11:42,2022-02-03
730,Powstania Listopadowego 40,5:18:16,2022-03-21
731,D³uga Grobla 6,6:39:4,2022-03-05
732,Baniñska 1,0:34:16,2021-11-22
733,Ciesielska 27,18:43:46,2022-08-22
734,Radosna 8,7:40:4,2022-10-11
735,Sokola 10,17:35:8,2021-04-20
736,Kapitañska 35,5:3:20,2022-04-27
737,Poznañska 35,3:24:34,2022-01-04
738,Œwierkowa 8,9:35:23,2021-09-22
739,Chirona 15,14:56:52,2022-10-22
740,Saperów 27,19:33:39,2021-01-16
741,Kopernika 32,18:49:41,2022-10-19
742,Bursztynowa 1,16:9:26,2021-01-03
743,Œl¹ska 36,1:16:42,2022-11-19
744,Reduta Wilk 31,19:25:33,2022-02-21
745,Hirszfelda 16,17:0:59,2021-07-19
746,£upaszko 15,10:36:34,2022-08-13
747,Partyzantów 33,3:57:20,2021-11-19
748,Bramiñskiego 44,2:54:48,2022-05-12
749,Temidy 36,2:42:33,2021-07-20
750,Ogryczaków 14,4:32:53,2022-01-27
751,Perseusza 11,13:20:35,2021-01-30
752,Zamojska 20,17:8:16,2022-06-08
753,Narciarska 20,12:31:38,2022-01-26
754,Koœcielna 4,21:11:7,2022-07-15
755,Nowe Ogrody 19,11:19:16,2021-11-29
756,Szymanowskiego 41,1:5:43,2022-04-28
757,Chwaszczyñska 31,9:19:3,2021-07-06
758,Zagórna 42,9:20:10,2021-09-04
759,¯ytnia 36,12:37:27,2022-08-27
760,Œwirskiego 25,9:27:14,2021-05-28
761,Matuszewskiego 26,11:24:15,2021-08-29
762,Gryfa Pomorskiego 46,21:10:51,2022-06-22
763,Lenartowicza 4,1:58:54,2021-06-17
764,Dziana 31,5:9:9,2021-09-30
765,Wios³owa 39,10:47:35,2022-09-01
766,Œwitezianki 18,1:28:9,2022-10-23
767,Brygady Szczerbca 25,22:33:32,2021-04-28
768,Baczyñskiego 3,18:14:43,2022-02-06
769,Niezapominajek 44,5:8:32,2021-04-01
770,Jasia i Ma³gosi 31,12:8:52,2022-11-21
771,Rondo im. Mieczys³awa Ja³owieckiego 32,1:16:34,2022-03-07
772,Beskidzka 17,12:11:18,2022-11-05
773,Przyjazna 25,15:26:29,2022-05-10
774,Budapesztañska 12,21:14:33,2022-08-20
775,Dywizji Wo³yñskiej 31,2:34:42,2022-03-15
776,Jelitkowski Dwór 6,17:24:22,2021-01-01
777,Jarowa 1,12:1:55,2021-01-23
778,Goszyñska 42,2:56:7,2021-10-13
779,Fredry 49,7:51:2,2021-08-29
780,Skwer Gyddanyzc 28,15:0:2,2021-05-14
781,Krótka 43,19:15:11,2021-06-22
782,Jelitkowska 50,16:33:4,2022-10-30
783,K³adki 6,2:5:52,2022-05-04
784,Menonitów 27,5:19:11,2022-04-09
785,Koszaliñska 21,15:41:24,2021-03-07
786,Dunikowskiego 34,8:20:25,2022-11-18
787,Pola 3,11:24:22,2022-07-15
788,Kazimierza Wielkiego 38,18:38:0,2021-10-15
789,Wêze³ Unii Europejskiej 11,23:13:43,2022-08-04
790,Pucka 29,17:45:31,2022-02-12
791,Krêta 13,17:56:40,2021-02-14
792,Buloñska 21,15:26:40,2021-02-07
793,Grabowa 27,19:44:51,2022-08-12
794,£u¿ycka 39,4:17:31,2021-01-26
795,Ostró¿ek 32,1:23:41,2021-12-19
796,Galla 42,15:37:35,2021-08-15
797,Olimpijska 41,19:12:29,2022-09-15
798,Bursztynowa 23,14:0:45,2022-05-15
799,Chirona 40,23:26:52,2022-06-08
800,Je¿ewskiego 17,16:36:53,2022-12-28
801,Miechuciñska 22,11:39:54,2022-07-08
802,Bema 49,12:0:36,2021-11-02
803,¯eglarska 26,9:38:18,2022-12-19
804,Marusarzówny 29,5:55:7,2022-11-04
805,Krokusowa 12,18:47:1,2022-06-05
806,Wa³y Piastowskie 3,22:33:50,2021-09-28
807,Cumowników 14,13:7:41,2021-06-18
808,Œwiechockiego 25,2:31:3,2021-10-12
809,Biegañskiego 14,9:58:9,2021-01-16
810,Wojskiego 39,8:42:53,2021-11-12
811,Fieldorfa 20,8:46:58,2022-04-20
812,Targ Rybny 10,1:7:18,2021-04-09
813,Park Jelitkowski 38,12:17:5,2021-02-16
814,Królikarnia 9,7:24:11,2021-06-08
815,Gorzowska 29,18:34:45,2022-08-18
816,WoŸnicy 7,0:29:35,2021-10-30
817,Refektarska 46,2:1:28,2021-03-08
818,Kwiatowa 45,15:54:28,2021-08-19
819,Garczyñska 25,10:38:42,2022-07-31
820,Warzywnicza 44,19:6:37,2022-03-03
821,Szmaragdowa 28,12:58:4,2022-10-25
822,Bluszczowa 40,13:23:25,2022-08-29
823,Krasnoludków 13,0:0:39,2021-06-16
824,Dro¿yny 28,23:12:26,2021-08-29
825,Smêtna 8,12:48:20,2021-04-08
826,Manifestu Po³anieckiego 9,10:9:58,2022-07-02
827,Jachtowa 5,0:16:9,2022-05-24
828,Sochaczewska 20,23:41:46,2021-10-10
829,Pastelowa 19,16:33:54,2022-05-07
830,Jaœminowa 11,22:38:4,2021-09-11
831,Cedrowa 34,3:32:33,2022-03-26
832,Strzelca 5,22:22:47,2021-02-04
833,Konstelacji 49,9:3:0,2021-08-07
834,Krêta 14,22:10:37,2021-09-10
835,Park Jelitkowski 4,7:24:22,2022-04-15
836,Rondo Graniczne Wolne Miasto Gdañsk - Rzeczpospolita Polska (1920 - 1939) 46,17:45:57,2022-12-14
837,Herberta 4,7:24:26,2022-11-30
838,Pagórkowa 11,2:40:19,2021-09-19
839,Macierzy Szkolnej w Gdañsku 15,0:13:3,2022-02-12
840,Zawrotna 14,2:25:29,2022-06-15
841,Mœciwoja II 41,4:45:11,2021-11-15
842,Dziana 50,14:44:51,2022-06-19
843,Hermesa 28,5:46:35,2022-11-15
844,Bajki 14,11:27:9,2021-04-12
845,Horeszków 24,10:42:12,2021-07-23
846,Spadzista 4,15:8:8,2021-05-11
847,Stefana Batorego 4,11:17:27,2022-01-03
848,Mi³osna 41,19:25:16,2021-11-16
849,Wegi 29,6:59:47,2021-06-22
850,Ukoœna 39,4:53:41,2022-01-07
851,Prosta 8,5:19:18,2021-11-16
852,Zawiszy Czarnego 7,16:9:58,2022-01-28
853,Karsiñska 16,19:8:2,2021-04-27
854,Radunicka 16,22:10:56,2021-06-11
855,Zabytkowa 28,18:44:46,2022-03-09
856,Park im. Œw. Barbary 42,10:1:43,2021-07-24
857,Ateny 7,17:26:47,2021-10-21
858,W³adys³awa IV 31,3:12:0,2022-01-20
859,Cieplewska 25,2:53:23,2021-11-05
860,Ho³du Pruskiego 15,1:43:29,2022-03-11
861,Oruñski 26,7:19:18,2022-11-14
862,Obroñców Westerplatte 27,19:37:45,2021-01-12
863,Pana Tadeusza 4,8:6:25,2022-10-15
864,Mniszki 50,21:24:9,2022-05-27
865,Piesza 6,1:37:58,2021-08-09
866,Ostró¿ek 41,9:23:53,2021-10-07
867,Gdyñska 5,9:10:55,2022-09-08
868,Bergiela 32,0:50:12,2021-07-15
869,Reduta ¯bik 50,8:3:52,2021-03-02
870,Daru Pomorza 21,21:58:13,2021-04-09
871,Meteorytowa 28,12:32:57,2021-11-13
872,B³êkitna 37,17:11:35,2022-04-05
873,Kureckiej 13,1:27:39,2022-05-09
874,Zielony Zak¹tek 14,1:10:32,2022-06-10
875,Bieszkowicka 5,20:57:53,2022-07-29
876,G³êboka 14,18:28:26,2021-07-14
877,£ukasiewicza 44,20:28:53,2022-05-17
878,Nieca³a 42,15:25:40,2022-04-08
879,Flisykowskiego 47,0:13:46,2021-05-25
880,Wojskiego 44,3:33:59,2021-04-20
881,Zebrañ Ludowych 38,13:54:39,2022-03-24
882,Karmelicka 33,13:43:23,2021-12-10
883,Jantarowa 21,16:16:6,2021-02-20
884,Starowiœlna 3,14:23:2,2022-02-20
885,Bacha 14,16:55:47,2021-06-18
886,Nadmorska 37,1:41:17,2022-12-18
887,Dywizji Wo³yñskiej 25,9:32:42,2022-07-14
888,Dygasiñskiego 45,15:7:14,2022-12-08
889,Œwiechockiego 5,23:47:39,2021-07-12
890,Kuronia 17,7:38:43,2021-03-11
891,Lêborska 13,18:16:4,2022-04-14
892,Fieldorfa 10,11:51:20,2022-04-26
893,Parkowa 35,2:10:32,2021-12-22
894,£ukasiewicza 44,22:29:4,2022-03-07
895,Prusa 23,14:15:16,2021-12-17
896,Na Zaspê 41,2:57:39,2021-10-30
897,Starowiœlna 11,2:42:45,2022-02-11
898,£ódzka 5,1:37:35,2021-08-29
899,Turkusowa 3,20:52:38,2022-06-01
900,Tenisowa 39,3:45:40,2021-10-16
901,Kolonia Anielinki 36,5:33:21,2022-07-31
902,Czajkowskiego 30,6:56:35,2022-03-18
903,Marcowa 20,10:34:35,2022-01-27
904,Lawendowe Wzgórze 7,12:38:36,2021-05-19
905,Têczowa 11,16:42:40,2022-02-01
906,Radomska 35,5:5:44,2022-07-08
907,Delfina 20,22:36:25,2022-03-07
908,Relaksowa 30,18:32:18,2022-10-25
909,Podkramarska 22,13:27:40,2021-12-25
910,Grzybowa 16,3:36:41,2021-04-09
911,Skwer im. Ireny Jarockiej 25,6:20:1,2022-02-07
912,Górnicza 17,4:41:25,2022-08-22
913,Krzemowa 31,5:21:56,2022-03-09
914,Rogaczewskiego 3,11:6:56,2021-03-04
915,Lipowicza 3,14:24:47,2021-05-23
916,G³ogowa 1,21:18:44,2022-01-26
917,Or³owska 25,1:38:40,2021-02-14
918,Pana Tadeusza 32,0:54:18,2022-11-27
919,Po Schodkach 41,2:23:54,2022-05-23
920,Popie³uszki 44,7:30:4,2022-03-16
921,Wybickiego 23,7:58:30,2022-11-21
922,Tkacka 2,23:27:38,2021-02-24
923,Korzenna 27,20:42:31,2022-02-27
924,Chrzanowskiego 20,3:33:31,2021-11-21
925,Przywidzka 40,4:53:41,2021-07-17
926,Lipiñskiego 23,5:40:19,2021-03-16
927,Kêpna 16,14:11:58,2021-11-01
928,Barniewicka 43,13:55:14,2022-08-31
929,Unruga 11,16:38:17,2021-11-13
930,Wyczó³kowskiego 47,15:45:56,2021-09-07
931,Kolonijna 21,4:5:14,2021-05-01
932,Kubacza 31,2:25:58,2022-07-07
933,Sobolowa 4,9:36:2,2021-03-25
934,Komputerowa 46,2:16:57,2022-01-08
935,Sowiñskiego 28,1:10:39,2022-09-10
936,Kolonia Ochota 31,19:22:36,2021-09-15
937,Kolejarzy 20,22:47:45,2022-09-25
938,Miraua 27,5:12:36,2022-01-07
939,Robaka 48,19:3:16,2022-09-17
940,£y¿wiarska 21,4:51:31,2022-05-15
941,Poziomkowa 7,14:38:45,2022-06-19
942,Górna 48,9:49:13,2021-06-03
943,Maryli 18,12:36:24,2021-03-09
944,Meissnera 15,9:14:3,2021-11-08
945,Rybiñskiego 37,4:3:18,2022-10-06
946,Osiedle 30,0:11:8,2022-12-27
947,Dobrowolskiego 22,19:33:41,2021-09-26
948,Kminkowa 49,21:9:18,2021-03-12
949,Augustyñskiego 30,4:4:19,2022-07-31
950,Wenus 36,23:29:36,2022-01-24
951,Batalionów Ch³opskich 38,23:3:47,2022-01-14
952,Dêbowa 29,5:54:49,2021-02-18
953,Romera 40,14:28:37,2022-12-11
954,Komandorska 32,13:7:25,2022-12-23
955,Jab³oñskiego 18,22:10:45,2022-04-22
956,Wojska Polskiego 19,8:54:0,2022-10-23
957,Achillesa 47,19:36:20,2021-11-28
958,Wdzydzka 19,0:47:46,2022-03-23
959,Rondo Pana Cogito 40,17:6:21,2021-04-21
960,Asnyka 44,7:13:15,2022-03-24
961,Pienkowskiej 1,2:39:13,2022-04-26
962,Narcyzowa 2,19:48:45,2022-06-11
963,Otwarta 50,13:26:19,2021-07-06
964,Radunicka 33,12:48:11,2021-07-06
965,D³uga 46,6:45:22,2021-08-08
966,Wiosenna 36,6:33:42,2021-12-24
967,Œwitezianki 26,11:51:11,2022-10-27
968,Kielecka 21,22:45:40,2022-03-01
969,Wojnarskiego 15,12:16:19,2021-06-15
970,Saneczkarska 20,11:57:38,2022-12-17
971,Lipcowa 11,7:22:11,2021-03-20
972,Sambora 39,0:52:8,2021-01-09
973,W¹skotorowa 31,18:5:8,2021-11-20
974,Popradzka 5,0:18:31,2022-01-15
975,Wyspiañskiego 22,8:12:49,2021-04-06
976,Elbl¹ska 27,18:39:3,2022-07-03
977,Podkramarska 20,19:12:34,2021-02-13
978,Abrahama 37,1:21:24,2022-07-06
979,Chodkiewicza 23,15:42:41,2021-06-10
980,D³ugi Targ 41,23:54:5,2022-05-01
981,Wielewska 27,11:59:10,2022-11-20
982,D¹browskiego 4,16:59:42,2022-07-10
983,Œmig³owa 47,5:36:5,2022-04-19
984,Park im. Œw. Barbary 33,10:57:27,2022-04-27
985,Zatokowa 50,2:44:8,2022-10-22
986,Plejady 28,21:18:4,2021-03-01
987,Szpora 40,12:38:49,2022-04-15
988,Katarzynki 35,16:36:33,2021-03-03
989,Rybiñskiego 33,16:1:52,2022-08-28
990,Gie³guda 31,23:35:7,2022-12-24
991,Politechniczna 9,22:48:59,2021-12-12
992,Ornitologów 46,20:19:18,2022-03-18
993,Goœcinna 22,20:49:36,2022-03-07
994,Szybowcowa 43,17:3:52,2022-02-23
995,Wroc³awska 48,15:49:44,2021-12-19
996,Secesyjna 14,8:53:49,2022-10-31
997,Azymutalna 40,4:27:8,2021-08-04
998,Na Wzgórzu 24,4:48:52,2021-05-13
999,Reduta Miœ 37,7:27:26,2021-06-13
1000,Szkutnicza 7,23:39:19,2022-12-29
1001,Jelitkowski Dwór 50,3:21:42,2021-03-26
1002,Rz¹czyñskiego 34,12:56:43,2021-10-08
1003,Sierpniowa 23,18:37:29,2021-02-25
1004,B³oñska 33,15:46:3,2022-09-13
1005,Piastowska 38,18:18:20,2022-06-22
1006,Skwer S¹siadów 45,0:44:25,2022-11-14
1007,Wêze³ Kliniczna 39,15:53:39,2022-03-19
1008,Pólnicy 18,8:47:56,2022-06-12
1009,Sianowska 18,4:19:58,2022-10-20
1010,Penelopy 39,9:37:9,2022-02-19
1011,Ró¿yckiego 4,19:34:11,2022-12-28
1012,Ja³mu¿nicza 29,11:44:37,2022-05-04
1013,Zielonogórska 24,10:36:5,2022-10-21
1014,Gomulickiego 43,14:20:33,2022-07-14
1015,Leœny Stok 8,8:47:30,2021-09-27
1016,Sowia 3,23:34:18,2021-01-20
1017,Zwierkowskiego 1,11:51:20,2021-04-18
1018,Zawrotna 40,20:18:40,2022-03-08
1019,Lenartowicza 48,10:58:53,2022-08-25
1020,Wspólna 17,12:42:25,2021-06-05
1021,Op³otki 41,7:59:50,2022-04-13
1022,Wrzeszczañska 48,3:46:14,2021-01-20
1023,Podkomorzego 1,4:21:21,2022-12-07
1024,Podwale Przedmiejskie 44,5:31:38,2022-05-02
1025,Parterowa 39,2:11:27,2021-09-26
1026,Prusa 36,7:22:55,2021-06-21
1027,Równa 23,20:46:43,2022-10-29
1028,Sybiraków 24,8:59:3,2021-03-18
1029,Gronostajowa 38,16:29:48,2021-12-17
1030,¯o³nierska 35,7:2:35,2022-02-10
1031,Wêgorzowa 9,4:7:13,2022-08-17
1032,Partyzantów 3,15:30:30,2022-11-10
1033,Asnyka 4,18:30:53,2021-07-08
1034,Dro¿yny 27,11:24:16,2022-09-14
1035,Kortowska 2,12:26:52,2021-11-19
1036,S³owików 15,23:14:48,2021-10-17
1037,Stara Stocznia 29,8:17:0,2021-09-23
1038,Uranowa 14,9:49:29,2022-03-14
1039,Bratki 32,13:7:32,2021-10-24
1040,Zakopiañska 47,3:45:4,2022-12-03
1041,Stolarska 48,4:19:50,2021-05-01
1042,Nawigatorów 36,7:9:52,2021-02-27
1043,Rondo Pana Cogito 33,13:24:27,2022-09-18
1044,Subis³awa 3,11:0:41,2022-08-30
1045,Armii Krajowej 41,3:25:17,2021-10-29
1046,Per³owa 8,9:24:26,2021-11-27
1047,Œwiêtope³ka 20,15:45:43,2021-11-11
1048,Korczaka 13,18:0:59,2022-11-09
1049,Wronki 9,20:20:37,2021-01-29
1050,Zagroble 50,23:35:58,2021-12-30
1051,Starodworska 20,4:32:47,2021-02-07
1052,Gdyñska 36,0:9:48,2021-07-31
1053,Ostrzycka 24,11:15:31,2021-09-04
1054,Bastion œw. El¿biety 45,17:54:23,2021-08-02
1055,Dzia³yñskiego 18,8:36:29,2021-08-30
1056,Nadwiœlañska 42,16:33:38,2021-11-04
1057,Brygady Szczerbca 43,2:19:59,2022-12-30
1058,Rondo Rybaków 39,12:49:54,2022-08-10
1059,Na Stêpce 17,18:59:33,2022-04-04
1060,Kamieñskiego 20,6:7:55,2022-08-18
1061,Meteorytowa 48,12:54:49,2022-02-05
1062,Goszczyñskiego 45,0:31:56,2022-12-25
1063,Na Stoku 36,23:52:5,2021-10-27
1064,Czajkowskiego 10,14:57:18,2021-12-27
1065,Lublewska 37,0:55:9,2021-05-19
1066,Zamkniêta 8,7:11:24,2021-09-16
1067,Narciarska 39,13:23:35,2022-08-05
1068,Niemcewicza 13,0:4:5,2022-06-16
1069,Ostrowskiej 48,1:39:46,2022-10-17
1070,Pañska 7,10:39:15,2021-08-27
1071,Wojnarskiego 23,13:33:56,2021-03-23
1072,Andromedy 44,18:18:58,2021-08-04
1073,Zakoniczyñska 38,12:4:36,2021-11-25
1074,¯niwna 2,20:41:33,2022-08-26
1075,Ludowa 49,16:4:8,2022-01-31
1076,Piotra 32,22:15:37,2022-08-14
1077,Ostrowskiej 17,6:8:15,2021-11-17
1078,Paderewskiego 22,14:52:31,2022-12-28
1079,Budzysza 21,1:40:3,2021-02-03
1080,Rybaki Dolne 3,5:52:38,2021-03-13
1081,Hoene-Wroñskiego 15,21:1:47,2022-02-20
1082,Podkomorzego 30,0:0:25,2021-02-07
1083,Warzywnicza 47,21:10:59,2022-11-30
1084,Geodetów 8,6:17:11,2022-05-24
1085,Sokola 3,12:6:33,2021-12-21
1086,Karmelicka 30,13:9:37,2021-02-15
1087,Ch³opska 34,13:26:50,2022-01-18
1088,Fultona 20,6:47:38,2022-12-02
1089,Spacerowa 21,16:46:30,2022-08-17
1090,¯urawia 46,21:40:20,2021-06-13
1091,Rzeczypospolitej 16,16:10:11,2021-06-16
1092,Czerwony Dwór 42,23:47:26,2021-08-30
1093,Zbytki 32,10:14:44,2022-01-02
1094,Z³otników 13,4:42:15,2022-09-07
1095,Norwida 21,22:43:0,2022-12-11
1096,Wojnarskiego 44,15:17:3,2021-11-21
1097,Lwowska 22,12:57:56,2022-05-22
1098,Kwiatkowskiego 3,12:7:40,2021-11-01
1099,Mot³awska 43,20:54:11,2022-07-28
1100,Osiedle 17,16:46:57,2021-09-30
1101,Zakosy 2,7:47:6,2022-06-23
1102,Brygady 7,21:50:1,2021-05-23
1103,Rz¹czyñskiego 48,4:52:34,2021-02-09
1104,Chojnicka 22,19:52:4,2022-11-05
1105,Komputerowa 15,18:3:58,2021-07-23
1106,Widok 1,14:0:16,2022-05-26
1107,Skwer im. Anny Walentynowicz 1,13:37:19,2022-03-05
1108,£êgi 43,16:5:34,2021-08-14
1109,Wspólna 16,21:34:56,2022-08-15
1110,Powstania Styczniowego 38,16:14:9,2022-12-08
1111,Ukoœna 44,12:19:32,2021-01-05
1112,Kaletnicza 46,9:13:58,2021-02-28
1113,Noskowskiego 49,1:58:45,2021-02-11
1114,Monta¿ystów 38,10:25:10,2022-02-20
1115,Liczmañskiego 15,19:4:25,2022-01-19
1116,Dziewanowskiego 23,3:24:35,2022-03-16
1117,Pusta 18,15:26:23,2022-11-25
1118,Jagielloñska 27,12:26:38,2022-07-06
1119,Radosna 23,10:54:49,2022-06-22
1120,Na Stoku 25,0:15:22,2021-07-07
1121,Platynowa 47,6:50:2,2022-12-14
1122,Rzepichy 41,20:37:58,2022-04-08
1123,Norwida 22,14:21:35,2022-04-07
1124,Wyzwolenia 36,8:6:29,2022-03-02
1125,Wilcza 16,4:48:30,2022-10-09
1126,Podmurze 31,23:41:54,2022-12-24
1127,Kortowska 26,1:4:15,2021-09-22
1128,Osiñskiego 23,20:36:8,2022-07-01
1129,Wêze³ im. Carla Groddecka 46,6:2:1,2021-04-02
1130,Park Oruñski im. Emilii Hoene 40,7:51:11,2021-09-17
1131,Strajku Dokerów 2,6:10:5,2021-04-18
1132,Tolkmicka 19,22:55:54,2022-12-23
1133,Narewska 16,9:18:29,2021-04-26
1134,Straszyñska 14,2:34:1,2022-09-27
1135,Matki Polki 11,13:52:23,2021-11-25
1136,Rajska 38,16:53:59,2022-01-20
1137,Lipuska 25,3:51:29,2021-03-23
1138,Kosmonautów 46,12:57:25,2021-06-09
1139,Chodowieckiego 31,21:10:54,2021-09-07
1140,Kolonia Zaranie 44,14:33:10,2022-07-19
1141,Zebrañ Ludowych 11,4:18:2,2022-12-03
1142,GwiaŸdzista 43,5:17:9,2022-12-25
1143,Kozioro¿ca 13,12:33:31,2022-10-10
1144,Eurydyki 30,4:0:2,2022-03-01
1145,¯niwna 31,20:50:21,2022-08-07
1146,Zagrodowa 15,7:3:37,2021-12-17
1147,Maczka 37,2:26:43,2021-10-27
1148,Targ Sienny 40,21:36:14,2021-02-04
1149,Mirachowska 3,1:49:5,2022-06-10
1150,Biwakowa 12,0:4:10,2021-07-30
1151,Olszyñska 28,20:35:0,2022-09-23
1152,Rejtana 7,7:49:24,2022-08-21
1153,Browicza 22,17:10:38,2021-12-28
1154,Majkowskiego 49,1:5:42,2021-02-16
1155,Tymiankowa 18,5:52:25,2022-07-24
1156,Aroniowa 25,22:23:1,2021-09-18
1157,Ho¿a 39,11:15:36,2021-11-17
1158,Kobzdeja 18,4:17:30,2021-09-07
1159,Regatowa 45,5:54:28,2022-10-25
1160,Kisielewskiego 10,22:23:10,2021-11-26
1161,Trakt œw. Wojciecha 20,8:37:57,2022-04-04
1162,Asesora 18,16:46:37,2022-06-07
1163,Otwarta 19,10:3:45,2022-12-19
1164,Tarasy 5,2:19:33,2021-03-30
1165,Hery 49,14:22:40,2021-12-14
1166,Jantarowa 21,8:22:45,2021-04-13
1167,Jankiela 49,17:44:24,2022-04-22
1168,Korzenna 11,8:11:48,2022-04-22
1169,Nadmorski Dwór 40,20:23:27,2021-08-26
1170,Leskiego 12,23:3:52,2021-12-05
1171,Leszka Bia³ego 13,14:17:0,2022-01-14
1172,Œwistaka 34,8:17:53,2022-09-27
1173,Kasprowicza 39,3:38:52,2021-11-25
1174,Dokerów 13,16:44:21,2021-07-29
1175,Doroszewskiego 20,6:32:48,2021-03-05
1176,Staszica 12,10:6:27,2021-02-27
1177,Zaœcianek 37,22:36:48,2022-06-24
1178,Wspólna 15,4:0:28,2021-08-14
1179,Paska 1,12:55:44,2022-12-22
1180,Kminkowa 31,9:54:57,2022-02-05
1181,Jagiellonki 30,13:46:12,2021-04-10
1182,Cytrowa 50,3:57:41,2022-04-27
1183,Wagnera 17,7:54:20,2021-10-18
1184,Macierzy Szkolnej w Gdañsku 41,2:50:13,2022-02-03
1185,Sucharskiego 24,19:21:15,2022-03-28
1186,Romañska 15,9:32:34,2022-03-31
1187,Kunickiego 43,22:38:25,2021-04-16
1188,Magnoliowa 25,10:23:7,2022-11-29
1189,Rybacka 35,0:8:19,2021-04-13
1190,100-lecia Zwi¹zku Harcerstwa Polskiego 50,9:5:53,2021-07-11
1191,Piekarnicza 38,17:27:30,2022-03-08
1192,Mylna 20,21:10:48,2022-10-20
1193,Rokitnikowa 34,8:32:8,2021-08-19
1194,Klukowska 7,8:1:10,2022-06-30
1195,BrzeŸnieñska 31,11:5:55,2022-07-28
1196,Angielska Grobla 33,10:48:54,2022-03-05
1197,Menonitów 9,12:13:56,2022-05-26
1198,Sosnowa 26,4:10:43,2022-06-02
1199,Bacha 40,20:22:58,2022-10-23
1200,Portowców 24,3:50:54,2022-08-24
1201,Reformacka 49,23:51:22,2021-11-21
1202,Bacha 31,7:30:32,2022-11-07
1203,Kar³owicza 2,19:17:17,2022-07-26
1204,£upaszko 30,16:47:27,2022-05-29
1205,Straszyñska 26,14:27:22,2021-12-27
1206,S³owiañska 11,4:42:29,2021-10-11
1207,Rogaliñska 25,7:7:46,2022-01-23
1208,We³niarska 1,17:38:23,2021-08-31
1209,Ofiar Grudnia 70 36,13:56:45,2021-11-01
1210,Widok 17,19:54:9,2021-07-03
1211,Sokola 26,1:31:2,2021-03-26
1212,Na Piaskach 21,7:55:56,2022-05-08
1213,Sudomska 4,13:16:27,2022-05-07
1214,Cieplewska 8,12:0:55,2021-11-12
1215,Wêze³ im. Carla Groddecka 37,0:41:3,2022-12-08
1216,Bluszczowa 18,15:46:59,2021-09-14
1217,Wspornikowa 18,0:30:12,2022-02-18
1218,W³adys³awa Jagie³³y 15,17:16:19,2021-09-10
1219,Rondo im. Raoula Wallenberga 39,11:51:57,2021-04-26
1220,Ma³cu¿yñskiego 4,22:34:24,2022-09-30
1221,Wichrowe Wzgórze 21,23:46:54,2021-07-05
1222,Park Steffensów 26,6:24:53,2021-06-13
1223,Wrzeszczañska 8,0:51:16,2021-01-10
1224,Fieldorfa 33,8:51:36,2021-08-07
1225,Brzoskwiniowa 34,21:30:25,2021-07-21
1226,Jagodowa 46,12:57:39,2022-09-28
1227,Klimatyczna 3,0:10:40,2022-06-18
1228,W³adys³awowska 19,1:33:17,2021-10-06
1229,Cygañska Góra 17,11:16:28,2021-04-12
1230,Fiszera 29,11:54:20,2022-08-11
1231,Rysia 9,1:20:53,2021-06-07
1232,Syrokomli 47,15:45:13,2021-07-30
1233,Szczytników 50,11:25:45,2022-12-12
1234,Bursztynowa 42,1:29:35,2021-08-31
1235,Wodnika 35,22:5:36,2021-11-01
1236,Kolonijna 30,3:20:25,2022-08-16
1237,£agowska 21,10:34:13,2022-07-30
1238,Kopeckiego 16,9:49:28,2022-03-22
1239,Mi³ociñska 17,0:26:32,2021-07-12
1240,Zab³otna 16,8:19:48,2022-11-30
1241,Bia³owieska 27,18:11:17,2021-11-10
1242,Kocurki 28,19:52:8,2021-10-08
1243,Miedziana 30,7:10:32,2021-05-13
1244,Bydgoska 1,14:18:17,2021-11-12
1245,Skwer im. Ireny Jarockiej 29,20:21:10,2022-10-09
1246,"Skwer im. Danuty Siedzikówny ""Inki"" 6",14:58:4,2021-01-11
1247,Mi³osna 17,14:33:49,2021-07-29
1248,We³niarska 47,7:1:35,2022-02-20
1249,Bracka 24,23:47:24,2022-11-07
1250,P³oñska 36,19:29:32,2021-06-21
1251,Bohaterów Getta Warszawskiego 26,8:20:28,2022-10-17
1252,Wróblewskiego 9,12:22:9,2022-12-06
1253,Szpaki 16,15:3:31,2021-09-21
1254,Herlinga-Grudziñskiego 9,3:59:29,2022-05-03
1255,Rolna 13,12:11:49,2021-02-05
1256,Pod Zrêbem 13,5:34:1,2021-08-13
1257,Nadwodna 4,18:11:25,2022-08-25
1258,Krylowa 25,23:8:7,2022-11-03
1259,Krasickiego 45,0:5:13,2022-10-21
1260,Czubiñskiego 50,9:15:0,2022-09-05
1261,Begoniowa 44,12:43:44,2022-09-06
1262,Gostyñska 6,11:12:43,2021-01-09
1263,Konkordii 30,22:27:34,2022-07-07
1264,Nad Stawem 16,9:33:13,2022-01-01
1265,S³omiana 47,11:27:36,2021-12-08
1266,Raciborskiego 34,4:7:34,2022-11-03
1267,Krosna 50,11:12:12,2022-03-01
1268,Kielecka 25,3:15:5,2022-10-17
1269,Jasiñskiego 44,22:26:51,2022-06-29
1270,Ostrowskiej 7,1:41:23,2022-03-21
1271,Komandorska 30,11:43:46,2021-04-05
1272,Monta¿ystów 32,14:57:5,2022-07-30
1273,Kapitañska 31,13:43:36,2021-11-27
1274,Szafranowa 9,16:13:7,2022-06-07
1275,Kolonia Postêp 36,16:5:37,2021-06-21
1276,Macieja 45,14:46:33,2022-09-23
1277,£owców 11,15:59:7,2021-04-24
1278,Husytów 40,20:3:13,2021-09-22
1279,Szpaki 46,4:34:32,2021-03-01
1280,Maryli 15,20:16:9,2022-03-14
1281,Korsarzy 41,10:7:5,2022-12-04
1282,Osiedlowa 28,17:23:29,2021-04-27
1283,Myœliwska 44,15:33:56,2021-03-28
1284,Westy 33,9:45:13,2021-11-03
1285,Deotymy 44,1:6:51,2022-05-14
1286,Synów Pu³ku 12,19:10:48,2022-06-24
1287,Czarna 2,11:13:8,2022-05-30
1288,Belgradzka 46,7:30:12,2022-11-30
1289,Wieczorkiewicza 19,5:8:24,2022-09-29
1290,Sosnkowskiego 50,15:31:47,2021-08-28
1291,Szpaki 28,20:51:38,2022-10-08
1292,Miêdzygwiezdna 35,10:17:39,2022-10-09
1293,Bluszczowa 35,15:44:35,2022-06-26
1294,Rosiczki 10,19:22:39,2021-01-23
1295,Jantarowa 34,1:38:12,2022-03-04
1296,Saperów 50,10:50:28,2022-02-13
1297,Oliwska 14,16:0:26,2021-12-04
1298,Jaglana 12,13:31:6,2022-07-09
1299,Osterwy 33,2:23:52,2022-05-26
1300,Micha³ki 7,19:5:32,2022-02-16
1301,Jaworzniaków 24,1:44:47,2021-08-31
1302,Nagietkowa 40,3:5:45,2021-04-13
1303,Pankiewicza 21,0:1:35,2022-06-01
1304,Wiosenna 20,17:37:46,2022-01-08
1305,Osty 22,22:34:0,2021-02-06
1306,Lawendowa 24,17:45:42,2022-10-13
1307,Kapitañska 26,11:39:30,2022-08-12
1308,Tarnowska 18,4:55:49,2022-01-26
1309,BrzeŸnieñska 1,6:16:9,2022-08-06
1310,Dobrzyñskich 29,2:48:43,2021-07-10
1311,Dzia³yñskiego 16,20:37:38,2022-12-20
1312,Steczka 15,2:38:22,2022-08-04
1313,Przyjazna 36,14:8:30,2022-01-10
1314,Wronki 4,3:8:6,2021-07-23
1315,Gryglewskiego 29,7:28:17,2022-02-15
1316,Kamieñskiego 48,17:34:43,2022-04-22
1317,Kaliska 44,2:43:41,2022-06-06
1318,Starogardzka 34,13:3:17,2021-06-26
1319,Parterowa 50,18:53:1,2022-02-23
1320,B¹dkowskiego 23,5:49:10,2021-05-01
1321,U³añska 1,10:1:14,2021-12-13
1322,Minerwy 42,13:21:47,2021-07-18
1323,Saneczkarska 20,20:18:11,2021-01-05
1324,Park Ks. Kanonika Kazimierza Orkusza 2,4:56:41,2022-12-26
1325,Jadwigi 1,1:4:52,2021-12-26
1326,D³ugi Targ 49,15:13:27,2021-01-11
1327,¯ukowska 50,21:23:40,2022-06-09
1328,Juraty 46,6:22:46,2022-12-01
1329,Ko³odzieja 48,3:25:17,2021-06-11
1330,Miodowa 30,13:16:22,2022-05-25
1331,Sudomska 43,23:4:51,2022-10-29
1332,Tunel im. Grzegorza Oryszczaka 12,22:57:33,2022-03-09
1333,Srebrniki 13,16:9:55,2022-08-15
1334,Dominika 19,23:34:39,2021-10-26
1335,Aksamitna 34,10:56:7,2021-04-04
1336,Ga³czyñskiego 13,22:40:29,2021-06-01
1337,Dywizji Wo³yñskiej 38,6:34:55,2021-07-13
1338,Kuœnierska 13,10:22:43,2021-04-09
1339,Falowa 49,21:23:54,2021-07-11
1340,Liczmañskiego 19,15:49:0,2022-02-19
1341,Bielañska 16,3:41:7,2021-07-21
1342,Dziana 8,7:31:57,2021-06-19
1343,Bema 25,22:4:43,2022-04-23
1344,Litewska 9,13:9:19,2022-02-08
1345,Lema 11,17:44:18,2022-10-11
1346,Burgaska 11,12:41:49,2021-10-18
1347,Nowiny 4,15:47:3,2021-08-28
1348,Taborowa 23,18:6:30,2021-01-31
1349,Zalesie 37,7:25:59,2022-08-26
1350,Zatokowa 15,2:25:22,2021-07-29
1351,Liszta 44,16:37:4,2022-08-24
1352,Bartnicza 23,17:31:1,2021-02-02
1353,Wilków Morskich 6,14:24:30,2022-04-05
1354,Zawiszy Czarnego 16,11:20:30,2022-12-27
1355,Bytowska 20,6:54:58,2022-07-07
1356,Oruñski 38,21:11:49,2021-01-18
1357,Nowiny 45,14:12:40,2022-09-11
1358,Ujeœcisko 38,1:36:28,2022-02-01
1359,Polonii Gdañskiej 3,18:21:17,2022-12-28
1360,S³oneczna 4,4:28:10,2021-11-05
1361,Angielska Grobla 13,0:54:16,2022-09-22
1362,Nad Stawem 5,13:2:3,2021-09-25
1363,Kolonia ¯eñcy 14,7:47:11,2022-10-07
1364,£osia 48,4:52:28,2021-08-02
1365,Biegañskiego 8,8:23:22,2021-11-16
1366,Amundsena 16,11:31:34,2021-08-12
1367,Czerska 21,2:12:0,2022-04-14
1368,Gêsia 33,11:5:56,2021-01-16
1369,Meissnera 43,20:34:40,2021-06-24
1370,Rzeczna 7,16:54:17,2022-06-08
1371,Kminkowa 27,3:5:27,2022-09-09
1372,Junacka 49,7:3:31,2021-06-01
1373,Dickmana 2,9:26:44,2022-12-23
1374,Warzywnicza 16,1:2:50,2022-09-20
1375,Bratki 44,3:18:43,2022-05-15
1376,Zabytkowa 32,13:27:10,2022-04-27
1377,Mieszka I 12,4:57:15,2022-04-10
1378,Cio³kowskiego 4,3:17:42,2021-04-09
1379,Grobla I 37,0:49:29,2021-04-20
1380,Dolna 2,16:32:12,2021-08-04
1381,Galaktyczna 38,2:5:3,2021-04-14
1382,Wczasy 22,6:25:47,2021-02-06
1383,Bitwy Oliwskiej 20,17:49:0,2021-03-21
1384,Teligi 11,12:41:2,2021-03-30
1385,Bieszczadzka 11,1:55:0,2022-11-19
1386,Bluszczowa 8,0:18:24,2022-11-15
1387,Prometeusza 29,3:10:17,2021-08-02
1388,Sympatyczna 42,0:31:0,2022-07-21
1389,Gowidliñska 41,3:55:22,2021-03-13
1390,Sportowa 3,18:24:16,2022-06-03
1391,Charpantiera 27,1:18:10,2022-03-14
1392,Robotnicza 19,10:15:14,2022-03-23
1393,Rondo im. Guntera Grassa 47,19:36:29,2021-03-22
1394,£êgi 45,0:4:41,2022-10-14
1395,Schopenhauera 16,21:6:28,2022-12-01
1396,Owsiana 26,23:20:34,2021-08-13
1397,Instalatorów 30,22:20:53,2022-06-09
1398,Michonia 48,9:34:39,2021-08-20
1399,Buloñska 11,18:3:39,2022-12-21
1400,Mi³a 47,2:27:5,2021-09-21
1401,Poprzeczna 14,20:14:19,2021-11-28
1402,Wielkie M³yny 47,7:59:50,2021-04-30
1403,Rybitwy 42,22:38:23,2022-10-12
1404,£owicka 36,22:42:38,2021-09-20
1405,Jana Sobieskiego 17,22:43:13,2021-04-18
1406,Niegowo 34,2:29:2,2021-06-19
1407,Jab³oñskiego 49,1:45:22,2021-10-04
1408,Andromedy 27,22:56:41,2022-01-15
1409,Kalinowa 24,1:19:15,2021-03-17
1410,Dworska 27,18:11:47,2022-05-12
1411,Kolonia Stanis³awa Przybyszewskiego 12,19:9:35,2022-11-05
1412,Mia³ki Szlak 33,6:25:37,2022-12-10
1413,Brygady 33,3:38:1,2022-11-20
1414,Gdañska 2,17:9:19,2022-09-10
1415,Chirona 17,2:10:45,2021-04-11
1416,Bluszczowa 4,18:56:23,2021-12-02
1417,Eurydyki 16,4:37:26,2022-10-12
1418,Cystersów 42,12:32:43,2021-05-18
1419,Zelwerowicza 43,9:9:3,2022-02-15
1420,Kolonia Przysz³oœæ 2,13:44:4,2022-03-27
1421,Huenefelda 23,0:2:6,2021-09-16
1422,¯abia 31,10:56:16,2021-05-09
1423,Seredyñskiego 26,6:49:48,2021-05-28
1424,Mot³awska 6,20:31:15,2021-11-29
1425,Bitwy pod Lenino 7,11:27:52,2021-08-26
1426,Szczodra 5,16:56:43,2021-06-21
1427,Kolonijna 25,23:0:28,2022-10-14
1428,Koszaliñska 9,22:48:32,2021-03-05
1429,Smugowa 32,20:23:32,2021-04-10
1430,Gojawiczyñskiej 47,10:33:5,2022-03-19
1431,Wo³yñska 50,15:40:6,2021-11-27
1432,Liczmañskiego 4,11:27:0,2022-04-11
1433,Bzowa 16,8:54:43,2021-02-24
1434,Zdrojowa 19,0:35:0,2021-04-28
1435,Krosienka 6,20:52:6,2022-02-11
1436,Nadwodna 7,21:7:36,2022-11-10
1437,Relaksowa 40,11:8:5,2022-07-23
1438,Je¿ewskiego 1,23:2:46,2022-11-23
1439,Ostrowskiej 48,13:48:35,2022-11-15
1440,Komorowskiego 42,9:3:41,2021-07-13
1441,Ogarna 46,3:5:56,2021-01-08
1442,Po Schodkach 7,19:7:29,2021-01-14
1443,Bratki 3,23:49:26,2022-12-01
1444,Bartka 33,0:16:35,2021-02-21
1445,Wa³owa 25,23:28:42,2021-01-07
1446,Narewska 22,20:32:40,2022-04-10
1447,Lubowidzka 6,17:9:30,2022-04-07
1448,Cystersów 40,1:9:54,2021-12-16
1449,Tartaczna 8,7:25:48,2022-12-14
1450,Ró¿yckiego 35,1:47:49,2021-12-12
1451,Krosna 12,21:51:50,2021-07-09
1452,Leœna Góra 46,18:44:20,2022-07-30
1453,Jodowa 11,19:32:42,2022-07-21
1454,Hemara 43,9:54:8,2022-09-19
1455,Kasjopei 39,6:52:32,2022-04-03
1456,Park im. ks. Bronis³awa Kabata 13,19:50:46,2021-12-02
1457,K³osowa 42,16:22:22,2021-07-24
1458,Sympatyczna 23,21:23:56,2021-04-03
1459,Dedala 15,3:4:15,2021-12-31
1460,D³uga Grobla 41,20:45:33,2021-10-03
1461,Gdañca 44,13:36:41,2021-09-01
1462,Lendziona 45,5:21:47,2021-01-04
1463,Dominika 30,3:1:37,2021-11-17
1464,Orkana 42,17:49:23,2021-04-10
1465,Sówki 41,8:37:46,2021-12-04
1466,Kar³owicza 20,17:35:41,2022-03-11
1467,Wallenroda 35,19:55:53,2022-03-20
1468,Hubala 34,11:40:58,2021-06-03
1469,Knyszyñska 30,0:35:16,2022-10-10
1470,Rondo Ofiar Katynia 8,8:28:16,2021-11-22
1471,Puszkina 14,6:9:54,2021-06-12
1472,Szczodra 26,8:47:14,2021-06-01
1473,Majewskich 35,10:40:46,2021-01-13
1474,Wiœlna 8,23:11:12,2022-11-02
1475,Uczniowska 21,14:45:35,2021-03-06
1476,Ostró¿ek 42,0:29:51,2022-04-14
1477,Kazimierza Wielkiego 30,7:27:1,2022-07-15
1478,Zawiœlañska 7,6:21:52,2021-08-14
1479,Wiolinowa 2,1:19:53,2022-08-19
1480,Igielnicka 19,21:4:36,2022-12-25
1481,Stara Twierdza 34,14:35:58,2022-01-15
1482,Sympatyczna 21,10:26:26,2021-01-06
1483,Równa 6,21:1:31,2021-07-23
1484,Krêta 29,7:10:7,2021-01-23
1485,Bluszczowa 33,8:30:0,2022-09-22
1486,Reduta ¯bik 48,6:34:43,2022-10-28
1487,Reduta Wilk 32,5:46:12,2022-07-02
1488,Lirowa 6,17:19:45,2021-05-30
1489,Obroñców Westerplatte 50,14:10:39,2021-05-18
1490,St¹giewna 4,17:57:34,2022-07-30
1491,Dworcowa 8,6:22:34,2022-12-12
1492,Ko³³¹taja 49,3:54:40,2021-02-26
1493,Listopada 4,23:9:46,2021-05-06
1494,Jaworowa 41,0:3:3,2021-12-30
1495,Œwitezianki 49,13:0:54,2022-08-30
1496,Pacho³ów 20,16:35:48,2022-09-11
1497,Widok 14,0:47:10,2022-02-13
1498,Wika-Czarnowskiego 38,10:42:12,2021-08-09
1499,Falowa 6,4:26:34,2022-07-22
1500,Jeziorowa 5,23:16:32,2021-01-26
1501,Je¿ewskiego 19,4:2:36,2021-09-29
1502,Poznañska 45,8:27:20,2021-02-03
1503,Skar¿yñskiego 45,7:37:29,2021-03-25
1504,Wodna 19,23:1:3,2021-08-26
1505,Cmentarna 18,5:50:13,2022-06-10
1506,Skiby 1,22:49:3,2021-07-18
1507,Brukowa 8,14:2:24,2022-07-11
1508,Kolorowa 47,16:49:8,2022-10-26
1509,Wodna 32,22:7:45,2022-10-11
1510,Przêdzalnicza 38,11:28:55,2022-12-09
1511,Wa³y Piastowskie 14,9:24:29,2021-08-03
1512,Konstelacji 3,12:25:36,2022-12-01
1513,Secesyjna 33,2:19:3,2022-05-12
1514,Ostró¿ek 8,10:11:39,2022-06-05
1515,Limbowa 15,4:2:30,2022-11-26
1516,Chirona 12,21:35:41,2022-10-21
1517,Toruñska 29,13:18:33,2021-03-12
1518,Husa 2,14:10:45,2021-01-18
1519,Jagodowa 14,5:29:41,2021-03-23
1520,Ró¿yckiego 28,14:5:10,2022-09-30
1521,Krynicka 37,5:54:5,2021-02-08
1522,£apiñska 9,11:14:59,2022-11-03
1523,Somiñska 3,21:33:37,2022-05-09
1524,Zagony 47,14:6:24,2022-02-16
1525,Plejady 22,4:45:26,2021-10-04
1526,Domeyki 48,20:23:54,2021-01-08
1527,Kolonia Jordana 19,11:53:7,2021-02-01
1528,Osowski Zak¹tek 45,13:22:37,2021-07-07
1529,Poleska 31,20:37:44,2022-09-22
1530,Uranowa 38,14:54:29,2021-06-02
1531,Zbytki 6,17:41:19,2022-03-10
1532,Piaskowa 35,13:42:30,2021-04-01
1533,Orzechowa 40,12:59:49,2021-03-02
1534,Wróbla 8,20:52:32,2022-02-07
1535,Rekowska 41,5:55:29,2022-03-05
1536,Œluza 9,5:29:16,2022-02-06
1537,Rondo Ofiar Katynia 33,17:10:51,2022-01-25
1538,Snycerzy 25,12:57:1,2022-12-21
1539,Zamenhofa 16,19:44:0,2022-07-18
1540,Komandorska 24,23:25:25,2022-08-28
1541,Ró¿ana 10,12:53:53,2022-08-02
1542,Smugowa 1,13:4:59,2021-05-08
1543,Victorii 29,15:53:39,2022-02-05
1544,Klukowska 34,22:59:32,2021-11-22
1545,Buloñska 2,8:24:20,2022-03-17
1546,Mewy 16,5:15:14,2021-04-05
1547,Hebanowskiego 9,16:35:32,2022-01-06
1548,Morelowa 16,23:18:58,2022-11-20
1549,Dworska 9,17:5:6,2021-12-01
1550,Kozietulskiego 39,23:18:28,2022-07-18
1551,Narcyzowa 7,23:40:53,2022-01-22
1552,Stolema 38,15:54:3,2022-11-25
1553,Leszka Bia³ego 49,23:41:57,2022-07-21
1554,Damroki 10,12:39:7,2022-08-21
1555,Wa³y Jagielloñskie 20,21:18:9,2021-08-19
1556,Dolne M³yny 40,7:44:13,2022-09-20
1557,Sierakowicka 10,17:2:39,2022-01-17
1558,Zakosy 37,12:56:2,2021-10-25
1559,Cybulskiego 10,23:5:56,2021-12-10
1560,Sztormowa 19,23:2:7,2022-01-22
1561,¯eleñskiego 20,15:52:7,2022-10-25
1562,We³niarska 12,23:43:1,2021-04-09
1563,Schopenhauera 34,20:47:23,2021-08-31
1564,Leœna Góra 28,1:28:6,2021-12-16
1565,Rycerza Blizbora 43,15:27:53,2022-08-15
1566,Niemcewicza 2,15:52:39,2021-05-06
1567,Lazurowa 37,17:21:36,2021-08-29
1568,Pszenna 3,7:12:34,2021-04-17
1569,Rysia 47,4:2:16,2021-04-28
1570,Zbie¿na 32,5:45:50,2021-06-30
1571,Sportowa 4,3:22:34,2021-05-15
1572,Krasnoludków 15,11:48:26,2022-01-07
1573,Chlebnicka 35,18:4:16,2021-08-05
1574,Krasickiego 39,16:13:12,2021-07-02
1575,Szopiñskiego 48,17:54:59,2021-06-28
1576,Gerwazego 14,1:42:48,2021-11-26
1577,Abrahama 33,2:37:38,2021-07-16
1578,Sowia 50,3:42:7,2021-04-05
1579,Fundamentowa 14,12:37:47,2022-08-26
1580,Hirszfelda 23,12:51:29,2021-11-17
1581,Piramowicza 10,2:46:49,2022-08-05
1582,Morska 37,3:4:18,2021-11-08
1583,Popradzka 6,19:43:18,2021-03-28
1584,Sudomska 11,7:22:38,2022-02-11
1585,Tischnera 18,17:43:32,2022-11-28
1586,NiedŸwiednik 20,17:3:34,2022-03-20
1587,Jana Sobieskiego 6,5:4:41,2021-04-09
1588,Kopernika 32,1:13:11,2021-03-17
1589,Hoene 8,22:49:49,2022-04-29
1590,Szpora 47,7:34:47,2022-06-07
1591,Stalowa 38,4:30:25,2022-05-01
1592,Szopiñskiego 31,7:42:35,2021-08-28
1593,Hoene 45,3:30:42,2021-02-11
1594,Powstania Koœciuszkowskiego 38,2:17:29,2021-01-23
1595,W¹sowicza 43,13:27:34,2022-03-25
1596,Przyjemna 2,19:4:39,2021-03-22
1597,Tunel im. abp. Tadeusza Goc³owskiego 49,4:41:15,2022-03-24
1598,Mieros³awskiego 32,6:8:30,2022-02-27
1599,Rondo im. Guntera Grassa 1,7:17:19,2021-03-21
1600,Jana Sobieskiego 46,20:14:46,2021-06-20
1601,Lipowa 38,5:0:20,2022-07-14
1602,Pi³karska 24,4:18:52,2022-03-18
1603,Wo³yñska 28,2:13:15,2021-08-09
1604,Szyprów 36,12:3:20,2022-04-19
1605,Skwer S¹siadów 7,2:15:20,2022-12-20
1606,D¹browskiego 29,4:17:31,2021-10-19
1607,Niegowo 45,12:24:36,2022-10-08
1608,Cedrowa 21,7:9:20,2022-05-22
1609,de Plelo 10,10:40:34,2021-02-23
1610,Smolna 31,10:49:12,2021-07-06
1611,Gerwazego 15,17:5:37,2021-04-02
1612,Cmentarna 6,20:15:56,2021-12-24
1613,Przemyska 5,12:3:29,2022-02-26
1614,Hokejowa 2,4:12:13,2022-10-18
1615,Modrzewiowa 35,18:10:43,2021-07-25
1616,Stolema 7,20:31:30,2022-04-17
1617,Akwenowa 3,11:42:24,2022-10-10
1618,Sportowa 43,3:24:37,2022-06-18
1619,Kielnieñska 19,9:58:16,2021-04-30
1620,Internetowa 12,18:20:36,2022-01-08
1621,Aleja Kazimierza Jagielloñczyka 42,12:4:30,2022-09-17
1622,Tandeta 8,3:48:3,2021-01-10
1623,Husytów 25,15:14:49,2022-03-20
1624,Pañska 23,11:41:58,2021-12-01
1625,Wo³yñska 9,15:16:13,2022-10-31
1626,Bieszczadzka 40,11:31:57,2022-02-13
1627,Zawiszy Czarnego 50,6:44:10,2022-12-21
1628,Kasjopei 1,22:6:39,2021-05-06
1629,Koszaliñska 15,13:23:7,2022-05-06
1630,Wallenroda 24,7:42:21,2022-01-13
1631,¯aglowa 37,8:9:24,2021-03-08
1632,Park Steffensów 29,1:32:34,2021-03-30
1633,Zosi 42,20:12:41,2022-09-06
1634,Alberta 29,0:4:50,2021-09-16
1635,S³oneczna 35,14:15:34,2021-12-04
1636,Fiszera 11,1:34:39,2021-03-12
1637,Ugory 37,1:21:40,2022-07-16
1638,Pileckiego 44,7:20:46,2022-04-02
1639,Sucharskiego 42,10:36:10,2022-11-30
1640,Galileusza 23,6:54:54,2022-12-16
1641,Stryjewskiego 16,0:25:48,2021-08-04
1642,Dyrekcyjna 37,12:51:37,2022-06-18
1643,Dyrekcyjna 45,15:59:7,2022-02-01
1644,Teligi 3,16:53:28,2022-03-13
1645,Mot³awska 12,18:44:1,2021-09-17
1646,Solskiego 12,14:34:45,2021-05-08
1647,Relaksowa 50,13:44:1,2022-02-19
1648,Nowe Ogrody 9,3:33:57,2022-01-08
1649,Kasprowicza 27,18:16:38,2021-12-30
1650,Raduñska 21,2:25:13,2022-10-12
1651,Zelwerowicza 36,9:21:6,2022-11-20
1652,Rzepichy 25,12:17:6,2021-09-04
1653,Rejenta 41,13:58:21,2022-08-23
1654,Siedlicka 22,20:34:51,2021-03-04
1655,Mœciwoja II 20,13:10:58,2022-02-07
1656,Dobrzyñskich 42,21:57:52,2021-04-03
1657,Bony 2,7:24:33,2021-04-28
1658,Szkocka 5,14:54:29,2021-11-18
1659,Wartka 23,22:47:36,2022-01-26
1660,Odrzañska 4,18:29:51,2022-03-16
1661,Szarotki 38,15:23:22,2021-03-26
1662,Zacisze 27,3:38:52,2022-11-30
1663,Królewskie Wzgórze 27,17:58:57,2022-07-05
1664,Kolberga 49,0:3:51,2021-12-08
1665,Hausbrandta 46,7:52:30,2021-08-08
1666,£êgi 45,19:17:26,2022-04-01
1667,Sierpowa 42,9:51:19,2022-12-27
1668,Maczka 5,17:37:56,2022-04-14
1669,Batalionów Ch³opskich 22,7:20:24,2022-07-30
1670,Leœny Potok 47,20:9:42,2022-02-03
1671,Rybaki Dolne 47,16:19:0,2022-08-27
1672,Bia³owieska 36,8:22:32,2021-09-10
1673,Barbary 42,13:2:49,2021-01-29
1674,Nowy Œwiat 30,2:51:17,2021-08-04
1675,Pastelowa 31,2:40:25,2022-09-27
1676,Dzielna 37,11:22:53,2021-03-21
1677,Olsztyñska 26,6:13:19,2022-12-25
1678,Wczasy 48,1:20:46,2022-01-22
1679,Górzysta 18,21:3:5,2021-04-26
1680,Wieniecka 39,13:23:26,2021-07-18
1681,Na Wzgórzu 43,16:55:43,2022-08-11
1682,Kwietna 30,18:52:22,2022-07-21
1683,Sucharskiego 32,3:16:11,2022-12-31
1684,Elewów 25,20:18:43,2021-01-24
1685,Lilli Wenedy 40,17:19:41,2021-06-16
1686,Kolonia Praca 42,17:54:37,2022-11-29
1687,Letniskowa 39,10:50:56,2021-03-29
1688,Œwibnieñska 20,15:22:55,2021-01-04
1689,Wronia 20,4:4:46,2021-03-17
1690,Wiosenna 14,13:47:31,2022-07-02
1691,Legendy 38,8:59:47,2021-04-14
1692,Tra³owa 22,21:58:25,2021-10-28
1693,Ba³tycka 21,15:57:0,2022-04-15
1694,Kolonia Praca 33,3:28:54,2022-12-25
1695,Szklary 49,3:10:43,2022-11-01
1696,Orl¹t Lwowskich 34,16:2:3,2022-06-29
1697,Bema 39,21:9:29,2021-02-13
1698,Zab³ockiego 32,10:44:38,2022-06-05
1699,Modrzejewskiej 17,6:29:45,2022-07-01
1700,Jana z Kolna 38,0:20:49,2022-03-30
1701,Zamkniêta 40,2:10:37,2022-10-22
1702,Romañska 50,4:26:17,2022-09-13
1703,Twarda 34,18:31:58,2022-08-25
1704,GoŸdzikowa 23,2:17:49,2022-09-24
1705,Wyczó³kowskiego 23,17:2:8,2022-11-07
1706,Leskiego 20,9:28:20,2022-06-27
1707,Go³uñska 9,8:59:28,2022-12-08
1708,Sadowa 7,23:3:32,2021-04-02
1709,Begoniowa 15,15:21:21,2022-09-13
1710,Wêglarska 50,7:9:36,2021-10-20
1711,Kormoranów 49,7:40:23,2021-12-29
1712,Kwietna 45,11:36:7,2022-07-10
1713,Ogarna 5,0:47:7,2021-10-18
1714,Budowniczych Portu Pó³nocnego 21,10:25:47,2021-01-11
1715,Trakt œw. Wojciecha 33,6:12:35,2022-06-03
1716,Zawiszy Czarnego 20,2:25:3,2022-02-04
1717,Fahrenheita 20,5:20:6,2021-09-27
1718,Zator-Przytockiego 29,0:38:50,2022-08-07
1719,Liszta 32,4:7:24,2022-08-28
1720,Mazurska 40,10:35:37,2022-01-02
1721,Leœna Góra 44,17:59:4,2022-08-17
1722,Kotarbiñskiego 37,5:4:40,2022-11-23
1723,Rokitnikowa 13,17:50:3,2022-08-21
1724,Bratki 29,1:29:25,2022-10-19
1725,Cebertowicza 26,2:19:59,2021-11-14
1726,Kaprów 22,5:58:6,2022-06-16
1727,Paderewskiego 17,23:22:10,2021-11-15
1728,Tokarska 13,0:17:54,2022-05-19
1729,Zakopiañska 42,23:49:41,2021-01-04
1730,Pasieczna 21,23:30:54,2022-07-26
1731,Obroñców Westerplatte 1,20:59:21,2021-01-20
1732,Na³kowskiej 40,5:1:42,2021-05-22
1733,Pniewskiego 26,22:50:19,2021-04-11
1734,Zawackiej 21,8:51:54,2021-03-06
1735,Ró¿yckiego 6,20:20:18,2021-09-25
1736,Wejhera 11,15:24:54,2022-09-03
1737,Fitelberga 37,20:59:46,2022-12-16
1738,Pniewskiego 42,6:8:15,2021-03-14
1739,Obotrycka 15,10:39:26,2021-01-24
1740,Ciesielska 50,19:15:27,2022-03-24
1741,Kuszników 19,11:3:3,2022-03-26
1742,Boczna 35,14:21:3,2022-08-15
1743,Sk³odowskiej-Curie 44,15:43:38,2022-11-27
1744,Maryli 26,6:2:27,2022-11-01
1745,¯ukowska 2,16:29:43,2021-01-26
1746,Makuszyñskiego 14,22:58:44,2022-03-07
1747,Manifestu Po³anieckiego 26,1:49:30,2022-02-08
1748,Wieczorkiewicza 50,17:45:8,2021-10-05
1749,Budowlanych 13,15:16:48,2021-03-02
1750,O³owianka 15,2:44:11,2022-08-15
1751,Helska 36,18:19:10,2022-03-30
1752,Czarnowskiego 16,11:36:55,2021-08-10
1753,Otwarta 3,2:27:27,2022-06-14
1754,Matemblewska 14,5:38:1,2021-10-15
1755,Czerska 46,12:39:6,2022-03-11
1756,Zab³otna 8,0:26:43,2022-05-10
1757,Soœnickiego 2,9:48:40,2022-05-09
1758,Do Studzienki 20,5:4:4,2021-11-01
1759,Styp-Rekowskiego 39,14:20:57,2021-09-08
1760,Baœniowa 49,22:35:18,2021-09-27
1761,Stolema 10,3:46:52,2022-02-05
1762,Nowy Œwiat 2,4:48:10,2022-05-28
1763,B³oñska 14,9:37:21,2022-01-24
1764,Pawia 17,23:11:16,2022-12-19
1765,Karskiego 36,8:22:9,2021-02-15
1766,Pelpliñska 19,6:17:53,2021-03-06
1767,Skwer im. Anny Walentynowicz 3,7:18:5,2021-05-03
1768,Dekerta 49,16:9:25,2021-09-21
1769,Œmig³owa 44,4:33:29,2021-04-18
1770,Gnilna 40,16:31:20,2022-09-18
1771,Czerwony Dwór 30,5:1:25,2022-10-08
1772,Somiñska 44,9:5:46,2022-04-25
1773,Strzelca 38,5:17:26,2021-07-26
1774,Synów Pu³ku 12,2:38:41,2021-02-27
1775,Zbytki 17,14:24:22,2021-12-10
1776,£agiewniki 23,3:57:11,2021-10-31
1777,U³añska 10,10:13:8,2022-02-11
1778,BliŸni¹t 49,11:28:42,2022-08-13
1779,Dobrowolskiego 33,17:59:1,2021-07-04
1780,Szczytników 12,22:8:5,2022-07-08
1781,Wassowskiego 35,7:43:12,2022-10-09
1782,Nad Potokiem 26,14:33:34,2022-08-19
1783,Mirachowska 47,11:48:13,2021-07-10
1784,Dygasiñskiego 32,21:50:28,2021-07-12
1785,Jednoro¿ca 5,17:50:4,2021-01-21
1786,£anowa 11,2:44:17,2021-03-26
1787,Dantyszka 15,19:32:23,2021-12-26
1788,Gwiazda Morza 25,0:48:59,2021-11-03
1789,Barwna 11,10:27:52,2021-08-04
1790,Hoene 26,19:58:47,2021-04-10
1791,Jankiela 50,20:37:43,2021-09-06
1792,Boles³awa Krzywoustego 23,2:13:12,2021-03-26
1793,Lubuska 19,4:39:33,2021-06-17
1794,Ustronie 26,17:33:17,2022-05-22
1795,Katarzynki 32,6:6:43,2022-03-09
1796,P³oñska 49,22:36:10,2022-02-26
1797,Kmieca 23,17:54:39,2022-01-06
1798,Rondo Ofiar Katynia 23,15:42:38,2021-09-16
1799,Jesionowa 20,8:16:37,2021-06-01
1800,Mœciwoja II 13,15:47:28,2022-06-18
1801,Pó³nocna 40,15:15:31,2021-04-18
1802,Goska 26,4:18:34,2021-03-06
1803,Bednarska 30,19:58:9,2021-07-20
1804,Junacka 5,2:56:19,2021-08-07
1805,Cebertowicza 17,4:52:5,2022-12-13
1806,Jodowa 43,14:36:47,2022-09-25
1807,Kopernika 46,16:38:17,2021-11-22
1808,£añcucka 28,2:6:19,2021-10-25
1809,D³ugi Targ 13,5:44:31,2021-09-28
1810,Krzemienieckiej 27,13:25:37,2022-12-11
1811,Lewkoniowa 9,19:59:34,2022-10-15
1812,Sukiennicza 4,0:39:13,2022-12-05
1813,Chych³y 42,2:41:39,2022-06-22
1814,Nadwiœlañska 25,22:10:3,2022-11-08
1815,Wiolinowa 3,12:8:10,2021-09-12
1816,Nowogródzka 28,13:28:24,2022-10-13
1817,Bia³owieska 13,12:18:49,2022-07-28
1818,Rybitwy 21,16:56:19,2022-02-16
1819,Sudomska 32,15:18:0,2021-02-27
1820,Bobrowa 19,10:42:22,2022-07-31
1821,Piramowicza 45,22:42:25,2022-08-29
1822,Galla 32,20:32:33,2021-12-20
1823,Rekowska 50,10:20:49,2022-02-01
1824,Bro¿ka 9,0:30:19,2022-01-18
1825,Glinki 23,1:11:14,2021-12-31
1826,Krzemowa 2,2:33:55,2022-05-24
1827,Aldony 49,18:30:6,2022-05-14
1828,Chodkiewicza 25,23:17:42,2022-11-08
1829,Barniewicka 26,3:40:18,2022-12-23
1830,Nieca³a 44,10:6:37,2022-05-31
1831,Turkusowa 37,23:0:11,2021-05-06
1832,Giedroycia 31,15:25:36,2022-05-21
1833,Kwietna 43,12:20:43,2021-05-11
1834,Winogronowa 18,8:27:15,2022-04-01
1835,Pascala 44,23:50:52,2022-12-26
1836,Piramowicza 14,1:23:52,2022-03-01
1837,Bereniki 23,7:13:31,2022-01-12
1838,Zamkowa 6,16:33:18,2022-09-08
1839,Komety 16,0:22:9,2022-12-08
1840,Zawrotna 2,20:36:53,2021-02-28
1841,Niegowo 43,13:26:41,2021-05-26
1842,£abêdzia 7,4:34:4,2022-10-09
1843,Wêze³ Kliniczna 32,3:48:1,2021-01-12
1844,Dworcowa 11,2:28:1,2021-04-13
1845,Altanki 21,7:41:40,2021-09-05
1846,Relaksowa 24,2:47:50,2021-09-01
1847,Seredyñskiego 42,22:15:34,2022-01-14
1848,Cieplewska 48,0:38:19,2021-03-26
1849,Akteona 41,5:20:6,2021-07-15
1850,Macieja 37,7:7:14,2021-04-17
1851,Huenefelda 33,21:41:17,2021-08-19
1852,Kolonia ¯eñcy 31,4:1:24,2022-03-30
1853,Jana Paw³a II 26,10:50:10,2022-12-20
1854,Kolejowa 29,0:8:38,2021-12-24
1855,Kolonia Orka 39,0:39:32,2021-10-07
1856,Osiek 48,22:27:28,2021-07-23
1857,£añcucka 5,19:19:14,2022-09-22
1858,Wróblewskiego 28,22:41:11,2021-09-18
1859,Okrzei 34,20:9:29,2022-04-09
1860,Ojcowska 26,4:39:52,2022-07-31
1861,Ametystowa 5,12:50:10,2022-11-20
1862,Mieszka I 6,0:52:19,2022-07-08
1863,Twarda 40,13:24:3,2021-11-01
1864,Maciejewicza 11,12:7:2,2022-06-08
1865,Lubowidzka 20,1:13:56,2021-07-04
1866,Ba¿antowa 38,9:4:5,2022-06-28
1867,Tuchomska 35,12:19:59,2022-09-18
1868,Ma³achowskiego 26,22:1:40,2021-01-17
1869,Fio³kowa 5,21:51:19,2021-09-12
1870,Bartnicza 46,18:3:53,2022-12-02
1871,Pocztowa 50,16:17:22,2022-07-25
1872,Rzepichy 43,20:18:13,2022-09-11
1873,Macieja 45,19:13:8,2021-07-21
1874,Paw³owskiego 35,1:34:35,2022-09-24
1875,¯aków 20,22:10:45,2021-12-28
1876,S³owików 2,0:2:14,2022-10-20
1877,Cicha 7,0:3:55,2021-03-24
1878,Tra³owa 6,23:46:44,2021-07-14
1879,Marzeñ 6,9:29:8,2022-01-09
1880,Wodna 20,13:23:40,2022-03-12
1881,Leœny Stok 49,2:41:42,2022-11-08
1882,Moniuszki 3,0:21:24,2022-03-13
1883,Irysowa 47,10:51:51,2022-10-07
1884,Burgaska 2,1:0:41,2022-03-12
1885,Niezapominajek 31,21:48:17,2021-12-12
1886,Jeleniogórska 25,12:40:33,2022-07-01
1887,Jasieñska 23,17:34:57,2021-04-10
1888,Heleny 33,21:43:4,2022-09-09
1889,Kaczmarskiego 14,15:38:20,2021-03-05
1890,Orkana 29,17:25:27,2021-05-07
1891,Kielecka 22,16:41:21,2022-10-04
1892,Targ Sienny 7,0:26:9,2021-04-20
1893,Sienna Grobla 35,16:30:13,2022-03-11
1894,Stary Rynek Oliwski 11,23:40:26,2022-08-09
1895,Andromedy 36,10:53:23,2021-03-26
1896,Hery 29,21:15:40,2021-10-03
1897,D³ugie Ogrody 40,0:37:35,2022-09-13
1898,Kiepury 49,14:16:23,2021-07-17
1899,Jaœminowa 13,15:42:5,2021-09-04
1900,Pa³ubickiego 16,11:41:41,2022-05-18
1901,Wdzydzka 37,20:47:33,2022-02-10
1902,Przytulna 35,4:44:56,2021-03-06
1903,Grodzieñska 9,22:54:21,2021-05-08
1904,Piwonii 11,21:38:29,2022-11-22
1905,BrzeŸnieñska 9,1:42:59,2022-09-30
1906,Stajenna 41,11:17:8,2022-01-07
1907,Narwicka 11,23:41:41,2022-08-09
1908,Dywizji Wo³yñskiej 48,8:39:27,2021-08-20
1909,Andromedy 40,9:47:43,2021-05-17
1910,Olimpijska 22,12:26:36,2022-08-30
1911,Reymonta 2,14:48:27,2022-02-19
1912,Barokowa 47,10:19:54,2022-05-29
1913,Mia³ki Szlak 38,21:9:39,2022-01-17
1914,Reagana 38,5:0:37,2022-07-30
1915,Go³êbia 26,23:54:26,2022-04-18
1916,Dedala 27,19:59:36,2022-05-29
1917,Dickmana 46,7:32:5,2022-05-09
1918,Satelitarna 14,23:20:47,2021-02-11
1919,Zabytkowa 47,3:34:32,2022-08-29
1920,Baniñska 25,19:48:26,2021-02-05
1921,Wróblewskiego 18,3:10:29,2021-12-20
1922,Wapiennicza 32,14:16:27,2022-01-30
1923,Heleny 36,11:59:53,2021-12-31
1924,Szkocka 9,16:52:6,2021-10-23
1925,Góralska 39,15:44:37,2022-12-04
1926,Andromedy 10,9:51:7,2021-12-26
1927,Cieszyñskiego 45,12:46:17,2022-06-01
1928,Podwale Staromiejskie 26,11:30:0,2022-04-07
1929,Stê¿ycka 36,21:31:53,2021-12-27
1930,K³adki 33,13:15:9,2021-04-05
1931,Skwer im. Harcerzy Polskich w by³ym Wolnym Mieœcie Gdañsku 50,23:19:55,2021-11-10
1932,Krylowa 32,17:57:10,2022-02-26
1933,Grabowa 11,6:33:1,2022-04-23
1934,B³êkitna 43,23:6:29,2022-11-11
1935,Wierzbowa 4,6:11:31,2021-10-29
1936,Orkana 43,15:2:29,2021-07-04
1937,Lubelska 40,20:33:9,2022-10-24
1938,Bastion œw. El¿biety 38,23:43:29,2021-07-16
1939,Targ Sienny 31,13:39:49,2022-03-25
1940,Grunwaldzka 24,14:42:8,2022-04-08
1941,Startowa 42,6:27:12,2022-12-21
1942,Paderewskiego 43,10:43:30,2021-05-09
1943,Grabowskiego 47,1:52:32,2021-10-01
1944,Augustowska 2,18:19:52,2021-12-20
1945,Brylantowa 32,4:28:30,2021-02-23
1946,Sikorskiego 50,23:40:18,2022-09-08
1947,D¹browskiego 8,2:22:13,2022-06-18
1948,Wendy 38,11:48:31,2022-08-07
1949,Wawelska 17,2:11:52,2021-09-11
1950,Dickmana 43,15:59:55,2021-11-26
1951,Wieniawskiego 14,9:8:29,2021-08-16
1952,Leszka Bia³ego 4,8:0:33,2021-04-27
1953,Wiêcierze 48,4:7:11,2022-08-09
1954,Siedleckiego 31,14:9:10,2021-05-28
1955,Targ Sienny 27,3:16:14,2021-09-13
1956,Bora-Komorowskiego 39,2:21:30,2021-12-22
1957,Cefeusza 36,7:35:46,2021-11-26
1958,Daleka 9,11:32:1,2021-03-12
1959,Kanapariusza 29,19:2:6,2021-10-20
1960,Czajki 13,5:6:22,2021-06-19
1961,Dunikowskiego 4,12:30:28,2021-10-09
1962,Rondo Pamiêci Mêczeñstwa Kresowian 37,9:54:30,2022-05-30
1963,Siedleckiego 49,7:8:53,2021-03-29
1964,Pu³askiego 8,23:52:49,2022-04-26
1965,Ikara 4,8:30:23,2021-01-19
1966,Klesza 19,16:9:38,2021-07-25
1967,Porêbskiego 27,16:8:14,2021-05-08
1968,Bora-Komorowskiego 38,2:56:8,2021-01-20
1969,Chopina 12,9:51:13,2022-09-12
1970,Pó³nocna 47,0:43:42,2022-10-29
1971,Paska 41,2:38:39,2022-11-29
1972,Kopernika 25,19:32:47,2022-02-08
1973,Rondo im. Tadeusza Mazowieckiego 25,7:57:49,2021-11-17
1974,Piekarnicza 42,1:10:20,2022-03-28
1975,Czajki 44,17:55:14,2022-02-01
1976,Roz³ogi 8,7:32:32,2022-04-07
1977,Macierzankowa 1,22:58:12,2021-02-14
1978,Sielska 8,8:1:46,2021-03-01
1979,Zakole 9,22:21:1,2022-03-01
1980,Baczyñskiego 49,3:13:10,2022-04-16
1981,Deotymy 39,3:13:14,2021-01-16
1982,Nike 22,11:29:31,2021-02-02
1983,Volty 42,17:10:57,2022-12-05
1984,Targ Sienny 44,18:1:2,2021-05-02
1985,Dêbogórska 10,19:44:22,2021-11-16
1986,Kalinowa 19,5:4:24,2021-04-27
1987,G³ogowska 19,5:41:55,2022-04-03
1988,Koœciuszki 48,14:49:54,2021-03-16
1989,Soœnickiego 39,5:0:49,2022-09-19
1990,Hynka 48,7:31:13,2022-11-06
1991,Cmentarna 25,10:31:58,2021-08-16
1992,Arciszewskiego 26,9:59:57,2021-07-18
1993,Jagodowa 47,17:47:4,2021-05-15
1994,Roz³ogi 35,15:58:52,2021-08-15
1995,Grabowskiego 34,6:37:54,2022-09-16
1996,Rumla 39,22:10:14,2021-04-22
1997,Groszkowa 16,23:39:42,2021-10-03
1998,Komedy 7,13:7:28,2021-11-06
1999,Ko³obrzeska 22,2:29:10,2021-07-01
2000,Styp-Rekowskiego 37,18:36:43,2021-10-06
2001,Liszta 31,10:55:28,2021-02-23
2002,Gierymskiego 17,19:27:2,2021-03-28
2003,Romera 1,5:11:49,2022-04-18
2004,S³upska 42,1:29:59,2021-11-21
2005,Orl¹t Lwowskich 36,14:38:26,2022-07-24
2006,Karsiñska 27,15:52:9,2021-07-18
2007,Zwierkowskiego 8,7:49:3,2021-08-01
2008,Siemiradzkiego 1,18:7:41,2022-06-16
2009,Kolonia Jordana 39,23:8:29,2022-11-25
2010,Karmelicka 34,11:32:4,2022-05-01
2011,Garncarska 14,16:52:28,2022-10-22
2012,Cerery 45,12:36:39,2021-09-15
2013,Kolberga 26,2:28:34,2021-06-13
2014,Hoene 14,21:20:30,2022-08-10
2015,Podzamcze 14,21:0:51,2022-12-28
2016,Teligi 2,20:29:26,2021-08-06
2017,Podjazd 46,19:49:12,2021-01-11
2018,Liczmañskiego 32,15:5:41,2021-05-01
2019,Œl¹ska 6,15:13:23,2022-12-07
2020,W¹sowicza 29,19:14:42,2022-05-27
2021,Pacho³ów 17,2:19:5,2021-06-14
2022,Bramiñskiego 36,8:45:9,2022-03-15
2023,Wegi 33,23:10:58,2021-02-20
2024,Platynowa 13,14:40:37,2022-11-21
2025,Stefana Batorego 49,22:34:19,2022-10-13
2026,Daru Pomorza 29,19:24:12,2021-10-08
2027,Dworcowa 12,21:10:51,2022-01-26
2028,Broniewskiego 38,21:25:45,2021-07-21
2029,Myœliwska 15,7:23:3,2021-04-06
2030,Parkowa 46,5:32:12,2022-11-21
2031,Hallera 49,12:13:35,2021-11-29
2032,Lubuska 27,17:24:7,2022-01-24
2033,Siennicka 31,5:26:4,2022-01-12
2034,Paw³owskiego 10,9:44:17,2021-11-19
2035,Modra 40,6:22:58,2022-03-06
2036,Ma³omiejska 30,3:26:8,2021-01-06
2037,Dworkowa 49,17:9:12,2021-06-05
2038,Sobieszewska 33,12:40:17,2021-02-24
2039,Kolorowa 13,0:14:14,2021-02-22
2040,Kasprowicza 48,9:20:40,2021-07-12
2041,Czermiñskiego 19,8:36:8,2022-08-19
2042,Radna 27,10:28:1,2021-06-05
2043,Bereniki 23,23:3:15,2022-02-12
2044,W³adys³awa Jagie³³y 49,20:41:57,2021-03-28
2045,Oriona 36,9:55:31,2021-10-05
2046,Elbl¹ska 32,23:35:38,2021-03-27
2047,Kurzyñskiego 35,12:0:43,2021-08-04
2048,Heweliusza 20,14:50:46,2022-10-09
2049,Roz³ogi 7,4:34:41,2021-01-02
2050,Goœcinna 34,19:59:29,2021-03-04
2051,Na Stêpce 47,13:16:17,2021-02-13
2052,Klesza 33,18:38:49,2021-05-14
2053,Sowiñskiego 28,0:21:1,2021-09-11
2054,Litewska 15,18:49:36,2022-03-13
2055,Czêstochowska 50,22:17:20,2021-01-26
2056,Wyzwolenia 18,14:5:42,2021-04-26
2057,Ciechanowska 36,23:59:13,2021-03-16
2058,Malczewskiego 25,5:17:46,2022-12-24
2059,Asesora 9,11:34:21,2021-07-23
2060,Politechniczna 37,12:27:47,2022-09-14
2061,Leszka Bia³ego 12,17:44:18,2022-02-10
2062,Ró¿ana 16,19:51:23,2021-02-01
2063,Piotra 31,18:47:45,2021-12-24
2064,D¹bka 40,14:49:18,2022-03-20
2065,Dziana 14,15:42:43,2022-12-08
2066,Czajki 49,17:5:20,2022-02-28
2067,Szyprów 48,17:29:47,2021-01-20
2068,de Gaulle'a 35,19:5:30,2021-11-17
2069,Rybackie Pobrze¿e 42,7:16:39,2022-09-17
2070,Rokitnikowa 14,15:42:1,2021-10-29
2071,Ujeœcisko 19,2:56:34,2021-04-17
2072,Sarnia 25,5:33:40,2022-09-04
2073,Tezeusza 20,23:12:44,2022-11-02
2074,Gowidliñska 35,8:4:52,2022-06-25
2075,Nowa 50,2:52:29,2022-10-30
2076,Dunikowskiego 48,11:12:36,2022-07-03
2077,Szczeciñska 42,10:34:28,2021-07-03
2078,Widok 48,12:10:57,2021-11-10
2079,Sobótki 26,5:44:7,2021-07-11
2080,Metalowców 28,20:38:16,2021-12-21
2081,Rumla 7,7:8:26,2022-02-17
2082,Ukoœna 37,14:11:9,2022-10-13
2083,Sokola 2,8:28:23,2022-09-08
2084,Naftowa 13,5:24:23,2021-01-06
2085,Reymonta 15,22:13:4,2022-02-18
2086,Skwer Gyddanyzc 40,5:5:9,2021-12-09
2087,Warneñska 2,13:56:22,2021-05-29
2088,Listki 7,0:12:23,2021-06-06
2089,Pusta 43,1:18:49,2022-05-26
2090,Górskiego 26,20:12:13,2022-10-18
2091,Myœliwskie Wzgórze 34,5:19:10,2022-06-25
2092,Toruñska 2,6:46:18,2022-06-21
2093,Notecka 3,0:39:18,2022-01-01
2094,Niegowo 16,10:55:5,2021-03-06
2095,Ko³obrzeska 48,12:32:32,2022-10-17
2096,Sambora 35,20:56:31,2022-07-25
2097,Gierymskiego 49,8:29:30,2022-11-24
2098,Lipuska 40,18:25:17,2021-01-27
2099,Burgaska 17,4:35:37,2021-01-15
2100,Urana 36,3:53:52,2022-11-15
2101,Mrongowiusza 27,3:52:4,2021-06-26
2102,Zygmunta Augusta 17,18:52:27,2021-12-23
2103,Boczna 45,22:47:2,2022-03-11
2104,Jarzêbinowa 38,9:24:37,2022-12-11
2105,Chojnicka 10,7:57:40,2022-07-08
2106,Dêbinki 2,15:47:11,2021-03-13
2107,In¿ynierska 44,9:12:25,2021-12-01
2108,Lipuska 46,13:0:55,2022-01-04
2109,Panieñska 5,15:23:3,2022-05-29
2110,Wêze³ Unii Europejskiej 17,19:11:26,2021-05-15
2111,Forsycji 1,12:33:2,2021-09-22
2112,Kupiecka 10,14:34:36,2021-10-08
2113,Radunicka 35,6:29:0,2021-03-26
2114,Legnicka 39,1:54:3,2022-06-20
2115,Czermiñskiego 44,1:6:54,2021-12-08
2116,Jaskó³cza 41,14:29:44,2021-12-09
2117,Menonitów 23,19:20:57,2021-12-09
2118,Modrzewiowa 43,20:3:17,2021-10-22
2119,Orfeusza 33,14:24:1,2022-03-14
2120,Hiacyntowa 33,11:48:57,2022-09-06
2121,Raciborskiego 24,3:45:4,2021-06-02
2122,Tilgnera 20,0:28:19,2022-12-20
2123,Bitwy Oliwskiej 39,12:10:54,2022-03-30
2124,Stryjewskiego 16,7:38:43,2021-07-29
2125,¯arnowiecka 30,7:22:24,2022-08-26
2126,Mylna 49,22:32:49,2022-12-29
2127,Sobolowa 48,15:0:32,2021-05-02
2128,Wapiennicza 49,17:26:58,2022-10-22
2129,Majewskich 21,5:25:11,2022-10-11
2130,Glinki 48,21:16:11,2022-01-14
2131,Legnicka 41,1:14:50,2021-08-29
2132,£y¿wiarska 7,16:29:35,2021-02-19
2133,Dedala 47,0:46:13,2022-10-27
2134,Forsycji 33,15:1:59,2021-02-20
2135,Rondo Rybaków 20,19:38:50,2022-02-25
2136,P³owce 43,15:42:19,2022-08-29
2137,Lewkoniowa 15,12:59:24,2021-12-14
2138,Smoleñska 35,1:29:31,2021-08-23
2139,Krzemienieckiej 23,9:31:26,2021-04-16
2140,S³u¿ebna 32,16:15:57,2022-10-31
2141,Bereniki 41,3:15:8,2021-09-10
2142,Narutowicza 7,17:3:37,2022-03-28
2143,Goœcinna 21,7:45:41,2021-05-13
2144,Pascala 39,18:42:32,2022-01-17
2145,Targ Wêglowy 19,6:2:39,2021-01-13
2146,Micha³ki 41,18:54:10,2021-03-22
2147,Akteona 46,0:29:5,2021-08-15
2148,Begoniowa 19,11:42:34,2022-12-28
2149,Sadowa 13,10:38:16,2021-12-31
2150,Ogrodowa 49,12:33:56,2022-09-01
2151,Solikowskiego 39,15:34:53,2022-01-05
2152,¯arnowiecka 38,2:6:39,2021-01-24
2153,Kurpiñskiego 6,7:2:38,2021-02-20
2154,Warszawska 3,2:10:26,2022-12-16
2155,Maszynowa 43,3:42:51,2022-11-09
2156,Widok 7,17:18:24,2022-12-08
2157,"Skwer im. Danuty Siedzikówny ""Inki"" 16",1:51:15,2022-07-25
2158,Dygasiñskiego 50,6:51:59,2022-02-09
2159,Ostró¿ek 16,16:57:58,2022-05-26
2160,Ko³obrzeska 26,7:1:15,2022-03-03
2161,Na³kowskiej 35,10:5:54,2022-12-09
2162,Rybo³owców 23,0:37:17,2022-03-31
2163,Pastoriusza 1,12:10:7,2022-02-25
2164,Diany 39,3:39:23,2022-11-22
2165,Reduta Wilk 44,6:56:11,2021-08-16
2166,Tilgnera 15,1:29:54,2022-04-30
2167,Ludowa 24,2:9:27,2021-05-05
2168,Podleckiego 43,22:17:20,2022-04-02
2169,Jelinki 20,9:4:29,2021-04-10
2170,Kolarska 40,21:5:23,2021-10-30
2171,Nidzicka 9,19:13:2,2021-04-04
2172,Geodetów 49,0:16:6,2022-05-29
2173,Stajenna 35,7:45:36,2022-07-09
2174,Chych³y 30,17:28:52,2021-03-20
2175,Szopiñskiego 26,6:1:25,2022-06-28
2176,Szymbarska 43,9:27:32,2021-07-12
2177,Zau³ek Zachariasza Zappio 13,3:58:17,2021-09-05
2178,Rogaliñska 12,8:22:55,2021-08-27
2179,Tischnera 11,18:25:36,2021-10-09
2180,Ga³czyñskiego 13,11:2:59,2022-04-03
2181,Poniatowskiego 47,0:43:15,2022-12-12
2182,Kasjopei 45,3:12:36,2022-10-25
2183,Ga³uszki 7,14:10:3,2021-01-07
2184,Kurza 24,9:19:58,2022-04-12
2185,Starowiœlna 50,15:33:56,2021-09-28
2186,In¿ynierska 34,11:59:38,2022-07-04
2187,Koœcielna 9,3:52:48,2022-11-05
2188,Niwki 6,11:16:54,2022-10-03
2189,Nowogródzka 28,18:16:58,2022-10-18
2190,Wêze³ Unii Europejskiej 13,7:8:24,2022-04-15
2191,Tarasy 6,12:9:30,2021-05-20
2192,Miedziana 13,18:21:45,2021-12-10
2193,Drzewieckiego 2,8:48:14,2022-11-28
2194,Tylewskiego 16,0:36:16,2021-11-19
2195,Lipowa 49,21:33:23,2021-02-22
2196,Kozia 9,14:13:0,2022-07-19
2197,Boczna 39,13:56:0,2021-04-24
2198,Wygon 17,23:6:0,2022-12-02
2199,Powstania Listopadowego 11,13:47:43,2021-11-10
2200,Modrzewiowa 40,23:33:27,2022-06-22
2201,Baœniowa 1,22:14:12,2021-10-10
2202,Wichrowe Wzgórze 48,16:39:5,2021-04-08
2203,¯eleñskiego 16,1:49:57,2022-10-12
2204,Reduta Wyskok 44,8:47:30,2021-07-23
2205,Rosiczki 46,17:51:53,2022-01-25
2206,Feniksa 5,12:22:22,2021-05-15
2207,Kolonia Uroda 1,16:0:0,2022-12-21
2208,Gradowa 48,7:32:22,2021-02-05
2209,Leœna Góra 2,7:33:23,2022-10-13
2210,£amana 48,23:40:40,2022-10-26
2211,Tra³owa 12,17:48:47,2021-06-29
2212,Bacha 49,17:36:52,2022-01-23
2213,Wêglarska 22,20:2:25,2022-07-31
2214,Miszewskiego 20,12:35:54,2021-10-27
2215,Sowiñskiego 25,16:3:59,2021-09-22
2216,M³yñska 44,20:38:42,2021-10-24
2217,Jana Sobieskiego 30,10:55:36,2021-07-04
2218,Podzamcze 29,15:36:38,2021-04-14
2219,Zenitowa 33,11:47:10,2021-09-24
2220,Reformacka 10,0:0:41,2022-03-27
2221,Andersena 39,23:11:42,2022-02-18
2222,Schopenhauera 43,3:24:0,2021-09-17
2223,Pusta 49,22:14:36,2021-01-11
2224,Dolne M³yny 37,2:8:29,2021-07-12
2225,Sygietyñskiego 2,7:16:41,2021-08-12
2226,Lektykarska 21,15:15:32,2022-06-04
2227,B³êkitna 20,7:59:21,2022-02-02
2228,Falowa 41,1:55:33,2021-09-03
2229,Hermesa 49,6:42:40,2021-02-22
2230,Profesorska 16,21:21:3,2022-03-06
2231,Hokejowa 5,11:57:21,2022-11-18
2232,Jesionowa 20,16:18:57,2021-02-10
2233,Dar³owska 50,18:35:34,2021-04-03
2234,Zakoniczyñska 7,18:33:38,2022-10-15
2235,Górskiego 18,14:18:35,2021-10-17
2236,Wawelska 40,11:6:17,2022-08-27
2237,Sychty 12,6:8:25,2022-10-11
2238,Szklary 46,14:51:17,2022-11-30
2239,Tulipanów 21,7:46:30,2022-12-14
2240,Husa 3,14:42:11,2021-12-20
2241,BrzeŸnieñska 33,21:47:21,2021-03-20
2242,£êczycka 42,0:3:33,2021-04-02
2243,Strzelecka 26,6:21:11,2021-12-22
2244,Kusociñskiego 11,4:43:14,2021-12-02
2245,Wieniawskiego 40,22:42:0,2022-10-21
2246,Wiêcierze 30,21:34:20,2022-09-13
2247,Na Stoku 27,18:6:16,2021-02-07
2248,Poczty Gdañskiej 10,13:17:22,2021-02-08
2249,Wielewska 42,5:31:31,2021-04-05
2250,Rumiankowa 20,21:21:26,2021-06-13
2251,Mozarta 17,6:9:7,2022-07-31
2252,Konwalii 14,20:37:45,2022-10-20
2253,Jelitkowski Dwór 38,17:49:16,2021-11-23
2254,Grabowskiego 19,13:5:11,2021-12-03
2255,Nowowiejskiego 41,19:11:57,2022-05-19
2256,Mia³ki Szlak 35,5:48:56,2022-10-20
2257,Morenowe Wzgórze 27,9:43:5,2021-01-11
2258,Rozra¿ewskiego 26,19:3:23,2021-02-19
2259,Kusociñskiego 50,11:5:44,2022-08-15
2260,Lwowska 31,16:36:19,2022-05-30
2261,Chlebnicka 10,4:39:4,2022-03-09
2262,Posejdona 36,11:11:17,2021-03-31
2263,Gowidliñska 12,10:26:42,2021-06-14
2264,Strzelecka 26,22:52:34,2022-01-28
2265,Tuchomska 24,4:1:32,2021-12-06
2266,Srebrniki 5,9:30:41,2022-04-15
2267,Przemyska 35,11:32:1,2022-07-26
2268,Czajkowskiego 28,17:26:56,2022-02-26
2269,Macieja 14,0:49:53,2021-09-20
2270,Nowomiejska 27,2:8:25,2021-02-14
2271,Chociszewskiego 46,15:14:25,2022-04-12
2272,Tolkmicka 21,10:59:40,2022-03-16
2273,Lisia Grobla 35,14:42:40,2021-11-12
2274,Reformacka 17,20:9:26,2021-12-21
2275,Borsucza 7,9:13:29,2022-04-03
2276,Szafera 28,16:23:57,2022-06-10
2277,Ubocze 50,12:48:20,2022-03-19
2278,Prusa 45,5:9:10,2022-05-22
2279,Chych³y 45,1:4:59,2022-05-08
2280,Nad Stawem 10,5:7:47,2021-03-02
2281,£amana 6,20:33:48,2021-12-01
2282,Widliñska 2,18:42:47,2022-12-08
2283,Knyszyñska 10,23:23:45,2021-10-11
2284,Malborska 41,22:26:52,2022-09-16
2285,Norblina 50,4:12:22,2022-09-10
2286,Przetoczna 16,1:30:15,2021-12-07
2287,Bruskiego 47,15:23:40,2022-09-16
2288,Akwenowa 28,4:1:32,2022-11-25
2289,Tarasy 29,22:41:15,2022-11-18
2290,Z³otników 1,13:11:39,2022-02-17
2291,Zielony Trójk¹t 7,7:1:24,2021-09-07
2292,Knyszyñska 22,13:31:54,2021-09-08
2293,Wiewiórcza 22,12:30:20,2021-01-05
2294,S³oneczna 10,10:47:15,2021-11-08
2295,Krokusowa 23,14:55:51,2022-11-29
2296,Spadzista 20,9:19:34,2022-01-09
2297,£apalicka 29,2:29:39,2022-03-07
2298,Floriañska 24,1:36:2,2022-05-01
2299,Targ Wêglowy 25,8:44:41,2021-09-06
2300,Kaznodziejska 11,22:31:39,2021-07-22
2301,Majewskich 10,16:1:24,2021-08-22
2302,Bartnicza 37,16:7:58,2021-06-13
2303,Stajenna 49,5:49:23,2022-06-30
2304,Mieszczañska 37,1:47:27,2021-10-05
2305,Sochaczewska 47,10:9:59,2022-06-28
2306,Ga³czyñskiego 28,18:39:37,2022-11-11
2307,Okopowa 27,14:26:20,2022-01-15
2308,Kieturakisa 8,7:37:53,2022-04-28
2309,Lutniowa 9,1:58:59,2021-11-24
2310,Równa 35,14:14:3,2022-09-19
2311,Kwiatowa 22,18:8:33,2022-07-05
2312,Równa 48,20:31:11,2022-03-27
2313,Traugutta 26,15:53:52,2022-10-18
2314,Mewy 46,8:3:17,2021-09-16
2315,Zaœcianek 18,17:46:4,2022-09-27
2316,Kadmowa 44,20:20:58,2021-11-13
2317,Aldony 25,22:43:29,2022-01-08
2318,Dzia³yñskiego 28,10:31:53,2022-10-26
2319,Gêsia 22,21:44:26,2022-04-24
2320,Obroñców Westerplatte 27,2:17:5,2022-06-18
2321,Chodackiego 37,10:42:23,2021-03-04
2322,Dickensa 34,3:30:37,2021-02-10
2323,Sybiraków 15,10:52:16,2021-11-20
2324,Przemys³owa 23,21:24:15,2022-04-16
2325,£êgi 24,10:53:46,2021-07-25
2326,Mezowska 30,9:35:41,2022-06-14
2327,Wodopój 28,8:37:23,2022-01-02
2328,Hallera 14,9:8:31,2022-03-01
2329,Rycerska 38,13:46:25,2022-11-19
2330,Wyszyñskiego 25,8:44:18,2021-05-09
2331,Sulêczyñska 7,8:9:56,2022-01-22
2332,Lendziona 28,11:50:57,2022-10-20
2333,Staszica 13,19:15:57,2021-05-01
2334,Angielska Grobla 35,19:39:8,2022-06-19
2335,Czy¿ewskiego 40,15:14:37,2021-05-01
2336,Rondo im. Anny Piaseckiej 48,17:39:51,2022-04-12
2337,Angielska Grobla 19,8:33:31,2021-01-11
2338,Piotrkowska 38,21:19:15,2021-08-04
2339,Olszewskiego 41,13:4:48,2021-04-10
2340,Kwidzyñska 40,16:11:48,2021-01-23
2341,Modra 13,13:46:40,2021-10-18
2342,Kapliczna 22,6:46:1,2022-09-26
2343,Urana 11,7:50:36,2022-11-19
2344,Cygañska Góra 4,10:46:5,2022-04-20
2345,WoŸnicy 17,6:19:1,2021-07-17
2346,Chociszewskiego 38,21:41:9,2021-10-08
2347,Kurierów Armii Krajowej 5,10:11:16,2022-07-22
2348,D³uga Grobla 48,7:55:23,2022-07-21
2349,Kasztanowa 43,18:25:23,2022-08-22
2350,Zamiejska 3,16:45:17,2021-05-15
2351,Klukowska 13,0:1:55,2021-02-28
2352,Smoleñska 22,12:20:44,2021-11-23
2353,Na Wzgórzu 23,20:50:23,2021-07-04
2354,Hestii 35,5:54:25,2022-09-04
2355,Rybiñskiego 20,12:28:12,2022-01-21
2356,Szczodra 7,9:31:27,2022-11-18
2357,Wagnera 28,22:14:22,2021-11-08
2358,Struga 4,21:6:14,2021-02-20
2359,Ciechanowska 24,8:57:16,2022-04-16
2360,Damroki 21,3:11:47,2022-02-10
2361,I³owa 23,17:15:39,2021-05-06
2362,Sierakowicka 18,6:48:52,2021-10-18
2363,Z³ota Karczma 4,14:0:46,2021-05-09
2364,Rondo im. Tadeusza Bolduana 11,16:28:45,2021-11-24
2365,Sybiraków 16,5:1:12,2021-02-21
2366,Baczyñskiego 33,15:4:13,2022-02-26
2367,Sendlerowej 22,7:37:19,2021-03-02
2368,Zawilcowa 32,17:10:47,2022-12-20
2369,Krokusowa 10,3:10:15,2021-06-27
2370,Przêdzalnicza 35,21:51:51,2021-12-03
2371,Worcella 43,0:5:56,2022-02-09
2372,Sasankowa 13,22:14:29,2021-10-05
2373,Beskidzka 27,7:20:9,2022-01-24
2374,Na Stoku 17,18:28:33,2021-08-25
2375,Oruñski 44,12:23:20,2022-08-24
2376,¯eglarska 44,10:24:58,2022-11-16
2377,Lirowa 45,15:35:20,2022-10-09
2378,Stefana Batorego 48,11:17:48,2022-09-23
2379,Majewskich 37,11:21:36,2022-06-25
2380,Trapowa 29,12:16:53,2022-05-22
2381,Pogodna 39,23:58:44,2021-02-11
2382,Brygady 30,6:43:51,2022-12-19
2383,Piwonii 9,20:24:35,2022-07-23
2384,Rac³awicka 37,21:14:59,2021-10-27
2385,Madaliñskiego 22,7:42:32,2022-11-22
2386,Kolejarzy 18,17:40:52,2021-10-20
2387,Kapliczna 19,15:16:40,2021-11-28
2388,£ucznicza 21,15:4:3,2022-01-22
2389,Homera 11,18:17:6,2022-08-19
2390,Derdowskiego 17,13:6:23,2022-07-13
2391,Bratki 31,6:50:56,2022-11-25
2392,Krañcowa 34,2:19:35,2022-01-13
2393,Stara Stocznia 20,6:51:58,2022-02-15
2394,Rycerza Blizbora 27,15:13:41,2022-09-26
2395,Willowa 39,2:27:28,2021-05-06
2396,Wilka-Krzy¿anowskiego 40,4:29:3,2022-03-09
2397,Wigierska 37,11:35:43,2021-05-11
2398,Bia³oszewskiego 14,8:3:9,2021-05-10
2399,Haffnera 48,18:31:34,2022-10-01
2400,Rondo im. Guntera Grassa 26,22:16:12,2022-04-23
2401,Galileusza 29,15:33:48,2021-10-23
2402,Targ Wêglowy 50,12:8:41,2021-10-10
2403,Relaksowa 4,8:33:24,2022-03-09
2404,Soplicy 43,11:43:9,2022-05-28
2405,Dziana 27,19:22:21,2021-05-27
2406,Lengnicha 4,0:45:55,2022-10-19
2407,Planetarna 10,5:16:29,2021-06-22
2408,Dickensa 37,18:53:18,2022-07-09
2409,Ró¿yckiego 18,3:28:35,2022-11-26
2410,Ustronie 28,21:26:2,2021-06-14
2411,Kiliñskiego 35,8:51:9,2021-04-09
2412,Równa 47,23:27:33,2022-09-03
2413,Plater 19,19:9:50,2022-05-07
2414,£y¿wiarska 32,8:14:53,2021-10-22
2415,Wassowskiego 22,16:37:23,2021-02-05
2416,Warszawska 22,5:38:21,2022-03-14
2417,Smolna 13,6:6:7,2021-05-25
2418,Ciechanowska 7,5:0:59,2022-06-11
2419,Lewkoniowa 17,7:35:5,2021-12-31
2420,£¹kowa 9,10:50:24,2021-07-22
2421,Rozwojowa 38,4:6:59,2021-04-10
2422,Grota-Roweckiego 49,5:23:58,2021-07-24
2423,Korzeniowskiego 47,4:33:50,2021-04-26
2424,Kormoranów 27,11:12:39,2022-09-20
2425,Nieborowska 6,15:12:6,2021-09-17
2426,Raciborskiego 1,4:31:46,2021-09-28
2427,Stolnika 28,16:44:18,2022-01-30
2428,Jachtowa 32,3:22:44,2022-08-08
2429,Nawigatorów 9,4:28:6,2022-09-24
2430,Waryñskiego 25,10:1:49,2022-07-15
2431,Synów Pu³ku 41,5:6:42,2022-03-09
2432,Turkusowa 26,20:50:17,2022-11-26
2433,Karskiego 18,0:20:26,2021-12-22
2434,Miechuciñska 45,8:27:51,2022-05-23
2435,Szczêœliwa 1,9:58:21,2021-04-11
2436,Necla 44,22:12:51,2022-03-20
2437,Smolna 44,20:5:27,2022-02-19
2438,Falck Polonusa 26,13:16:23,2022-12-25
2439,Za Murami 8,3:52:50,2022-04-07
2440,¯ukowska 8,10:56:40,2022-07-30
2441,Morenowa 45,17:51:53,2022-09-08
2442,Ptasia 9,21:25:15,2022-02-17
2443,Leszka Bia³ego 37,3:9:27,2022-06-25
2444,Szkolna 9,3:9:17,2022-09-24
2445,Turkusowa 45,12:59:19,2022-12-20
2446,Michonia 1,1:14:24,2021-03-29
2447,Naftowa 23,1:20:42,2021-07-25
2448,Krokusowa 27,21:10:46,2022-09-01
2449,Koszaliñska 43,19:43:27,2022-07-15
2450,Fio³kowa 47,20:1:50,2021-02-27
2451,Tischnera 40,15:19:17,2022-04-17
2452,Radna 43,21:50:43,2022-04-05
2453,Rozwojowa 17,5:12:37,2022-09-05
2454,Karmelicka 23,3:43:34,2021-06-29
2455,Filmowa 41,7:16:31,2022-03-07
2456,Szyprów 46,18:56:29,2022-10-07
2457,Boles³awa Chrobrego 47,12:23:50,2021-05-28
2458,Rozra¿ewskiego 4,6:43:2,2021-01-01
2459,Rondo Pana Cogito 25,18:58:15,2021-05-18
2460,Biwakowa 1,11:13:58,2022-03-05
2461,Winogronowa 29,3:35:28,2021-09-22
2462,Poczty Gdañskiej 42,12:30:31,2021-07-25
2463,Bro¿ka 38,21:48:47,2021-12-27
2464,¯ukowska 39,1:46:5,2021-05-03
2465,Szczygla 1,6:56:27,2022-02-03
2466,Targ Rybny 29,18:56:7,2021-07-22
2467,¯abia 17,7:27:44,2022-01-18
2468,Przemys³owa 25,16:47:6,2021-10-04
2469,Kombatantów 50,20:37:1,2021-02-05
2470,Dêbinki 18,12:20:52,2022-10-13
2471,Rondo Ofiar Katynia 13,0:27:52,2021-06-01
2472,Chmielna 1,7:36:9,2021-01-02
2473,Oksywska 33,14:6:0,2021-11-28
2474,Augustowska 10,9:27:12,2021-09-27
2475,Wojskiego 33,15:45:40,2021-03-12
2476,Zawilcowa 16,13:41:33,2022-06-12
2477,Ko³odziejskiego 36,10:59:19,2022-02-28
2478,Stalowa 50,8:44:54,2022-07-07
2479,Uranowa 24,12:28:9,2022-04-15
2480,Drwêcka 50,20:59:42,2021-05-30
2481,G³ucha 43,6:23:3,2022-11-22
2482,Jutrzenki 19,17:50:1,2022-04-01
2483,Szara 9,4:24:31,2022-05-26
2484,Artemidy 33,18:45:13,2022-09-12
2485,Wspornikowa 3,3:33:47,2021-01-20
2486,Bema 5,5:26:44,2022-07-25
2487,Kutnowska 28,9:3:21,2022-09-14
2488,Aleja ¯o³nierzy Wyklêtych 18,23:13:9,2022-07-23
2489,Tylewskiego 45,21:38:5,2022-04-23
2490,Góralska 31,2:41:9,2022-06-19
2491,Wolnoœci 12,9:24:30,2022-04-22
2492,Mi³osza 16,2:56:59,2021-07-12
2493,Koœcielna 49,18:44:44,2021-11-23
2494,Sulmiñska 33,19:24:56,2021-03-10
2495,Polna 8,7:10:49,2021-09-30
2496,Otwarta 44,18:2:13,2021-12-20
2497,Kurzyñskiego 31,9:29:58,2022-09-13
2498,Jelitkowska 48,11:52:58,2022-02-09
2499,Rondo im. 77 pu³ku AK 40,0:28:35,2022-05-24
2500,Glinki 40,18:32:57,2022-05-19
2501,Nike 45,22:51:0,2022-10-31
2502,Odrzañska 13,1:33:54,2022-04-09
2503,Czy¿ewskiego 25,2:53:32,2022-12-17
2504,Barbary 43,8:3:7,2021-02-04
2505,Zielone Wzgórze 40,6:43:6,2021-01-25
2506,Unruga 11,17:41:0,2022-06-09
2507,Letniskowa 37,8:46:35,2022-04-28
2508,Bohomolca 10,21:19:4,2021-04-16
2509,Mœciwoja II 45,17:46:33,2022-06-01
2510,Czarny Dwór 32,15:34:3,2021-02-16
2511,Tenisowa 7,8:41:36,2021-01-04
2512,Radarowa 47,2:1:22,2022-11-22
2513,Komedy 32,16:32:22,2022-04-13
2514,Grabowa 6,2:46:51,2022-05-01
2515,Niemcewicza 30,0:26:53,2022-08-05
2516,Bielañska 19,3:12:21,2022-12-15
2517,Obroñców Poczty Polskiej 37,6:3:28,2022-09-18
2518,Œwirskiego 40,6:18:51,2022-02-11
2519,Otomiñska 29,1:33:48,2022-02-25
2520,Gazownicza 36,3:3:48,2022-05-23
2521,Wegi 27,7:4:41,2022-07-13
2522,Obroñców Westerplatte 17,18:42:56,2021-06-20
2523,œw. Trójcy 43,14:23:9,2022-04-12
2524,Rodakowskiego 11,23:21:3,2022-06-22
2525,Zgody II 7,11:48:20,2022-12-17
2526,K¹towa 14,9:35:20,2021-08-21
2527,Necla 17,21:21:12,2021-04-08
2528,Krêta 26,14:32:49,2021-12-08
2529,Lazurowa 31,23:35:54,2022-08-05
2530,Podstoczna 39,11:33:44,2021-05-07
2531,Wrzeszczañska 31,19:30:21,2021-08-18
2532,Maki 36,18:11:10,2022-03-13
2533,Nowogródzka 3,15:10:55,2021-04-12
2534,Pok³adowa 7,13:30:2,2022-02-22
2535,Twarda 31,7:53:11,2021-01-16
2536,Ukoœna 47,15:10:12,2021-12-01
2537,Wygon 32,21:12:48,2021-11-11
2538,Temidy 12,9:56:34,2021-01-26
2539,Piaskowa 50,2:3:22,2022-05-26
2540,Rac³awicka 21,9:46:42,2021-01-25
2541,Turystyczna 3,5:27:49,2021-12-13
2542,Bohaterów Getta Warszawskiego 17,13:32:34,2021-09-02
2543,Zawackiej 11,4:22:14,2022-08-09
2544,£abêdzia 30,11:51:34,2021-11-09
2545,Osowski Zak¹tek 12,2:28:49,2022-11-13
2546,Sk³odowskiej-Curie 32,21:38:51,2021-11-27
2547,Nowos¹decka 5,21:24:13,2021-02-25
2548,Rybacka 34,22:11:23,2022-03-01
2549,Noakowskiego 42,10:37:6,2021-07-03
2550,Schopenhauera 45,23:4:41,2021-03-24
2551,Podmurze 10,5:56:26,2022-07-05
2552,Aleja Macieja P³a¿yñskiego 17,8:41:40,2021-11-25
2553,Raduñska 45,1:35:39,2022-12-24
2554,Amundsena 13,21:10:55,2022-11-02
2555,Kisielewskiego 10,2:46:48,2022-03-09
2556,O'Rourke 34,9:3:58,2022-06-03
2557,Kuronia 48,1:48:38,2022-07-19
2558,Pañska 39,12:48:26,2022-04-08
2559,Hallera 34,0:8:59,2022-07-02
2560,Brygidki 31,7:20:39,2022-07-20
2561,Liliowa 12,11:0:12,2021-06-01
2562,Ho¿a 32,0:42:12,2022-04-20
2563,Polna 2,21:4:54,2021-12-30
2564,Tkacka 47,7:6:50,2021-09-15
2565,Kaczmarskiego 29,14:52:57,2021-06-04
2566,Kotwiczników 5,6:19:59,2022-01-31
2567,Jaœminowy Stok 30,4:19:43,2022-02-03
2568,Koœcierska 8,16:50:54,2022-01-13
2569,Ró¿any Stok 39,1:0:50,2021-06-24
2570,Homera 47,3:9:7,2022-03-21
2571,Wodopój 2,8:48:21,2022-02-11
2572,Sympatyczna 37,10:9:31,2022-09-26
2573,Uczniowska 6,12:57:54,2022-05-13
2574,Eurydyki 25,8:20:39,2022-07-30
2575,Miszewskiego 1,4:54:28,2022-01-28
2576,Mokra 20,21:9:11,2022-12-05
2577,Naftowa 7,12:43:30,2021-05-01
2578,Nowiny 30,18:24:43,2022-10-07
2579,Kolonia Studentów 29,10:44:6,2021-10-04
2580,U³añska 13,0:6:43,2022-02-20
2581,Nadmorska 42,6:52:56,2022-01-25
2582,Kisielewskiego 22,3:5:3,2022-09-19
2583,Kolarska 35,6:12:58,2022-06-18
2584,Fromborska 5,17:52:2,2021-09-15
2585,Pa³ubickiego 18,0:38:12,2021-12-21
2586,Zab³otna 15,13:9:49,2022-06-13
2587,Karwieñska 24,14:8:39,2021-05-31
2588,Zawackiej 42,10:27:24,2021-01-26
2589,Odyseusza 39,18:30:50,2022-05-09
2590,Bia³ostocka 18,6:40:32,2021-05-31
2591,Poinca 31,5:53:32,2021-07-07
2592,Miraua 30,17:23:28,2021-06-15
2593,El¿bietañska 50,10:26:54,2022-09-09
2594,Matejki 22,22:10:9,2022-02-18
2595,Wieniawskiego 23,9:38:19,2021-08-17
2596,Boles³awa Krzywoustego 5,12:11:13,2021-06-23
2597,Legendy 19,12:28:14,2021-11-01
2598,K¹towa 5,3:56:56,2021-09-29
2599,Pa³ubickiego 15,0:17:46,2021-09-23
2600,Winnicka 28,17:53:9,2021-03-12
