pesel,imie,nazwisko,data urodzenia,plec
63296653766,John,SMITH,1992-02-10,kobieta
42319335237,Vinnie,JOHNSON,1986-09-01,kobieta
50203089655,Elias,WILLIAMS,1968-01-09,mezczyzna
37665376963,Abraham,BROWN,1972-06-15,mezczyzna
40966576297,Jered,JONES,1960-07-31,mezczyzna
70408508122,Kizzie,MILLER,1996-08-12,kobieta
87553803471,Calvin,DAVIS,1982-01-23,mezczyzna
44565829278,Benjamin,GARCIA,1973-03-05,mezczyzna
60337563123,Martha,RODRIGUEZ,1989-04-30,kobieta
72581380882,Vance,WILSON,1981-05-18,mezczyzna
60700597022,General,MARTINEZ,1980-11-14,mezczyzna
39895818144,Mandy,ANDERSON,1965-07-04,kobieta
39799531749,Jeanna,TAYLOR,1980-08-07,kobieta
66325666220,Dawn,THOMAS,1969-03-07,kobieta
16527628726,Madeleine,HERNANDEZ,1970-07-01,kobieta
85993262363,Logan,MOORE,1963-09-17,mezczyzna
59543329891,Martin,MARTIN,1966-03-17,mezczyzna
71635156993,Polly,JACKSON,1974-04-12,kobieta
73333125270,Krista,THOMPSON,1967-07-26,kobieta
58618110475,Margery,WHITE,1995-05-16,kobieta
30790844388,Aida,LOPEZ,1974-02-01,kobieta
22388770306,Leora,LEE,1969-06-23,kobieta
35866228261,Normand,GONZALEZ,1977-11-17,mezczyzna
93797004081,Pollie,HARRIS,1974-07-22,kobieta
64339797558,Lorie,CLARK,1981-02-04,kobieta
63266567390,Broderick,LEWIS,1972-07-27,mezczyzna
54706638118,Ethan,ROBINSON,1980-01-11,mezczyzna
17561709605,Florance,WALKER,1994-05-30,kobieta
70741903974,Josie,PEREZ,1999-02-17,kobieta
97149974234,Hugh,HALL,1999-03-22,mezczyzna
74865280244,Addison,YOUNG,1965-02-18,mezczyzna
61420053516,Jason,ALLEN,1990-01-08,kobieta
88415869387,Vincent,SANCHEZ,1962-12-03,mezczyzna
27855746826,Earl,WRIGHT,1991-06-04,mezczyzna
71144200894,Jan,KING,1971-01-08,mezczyzna
69685025999,Lenard,SCOTT,1987-10-07,mezczyzna
42472656509,Caren,GREEN,1979-05-31,kobieta
45832053362,Grady,BAKER,1965-01-14,mezczyzna
65484606032,Arleen,ADAMS,1961-04-13,kobieta
92126005363,Dominic,NELSON,1968-11-02,mezczyzna
38613723801,Shanice,HILL,1998-02-27,kobieta
36265411937,Noel,RAMIREZ,1988-03-24,mezczyzna
75113871020,Delois,CAMPBELL,1995-11-30,kobieta
52725508552,Bryce,MITCHELL,1995-03-23,mezczyzna
47468429721,Aldo,ROBERTS,1964-12-28,mezczyzna
54886945280,Margarita,CARTER,2000-12-09,kobieta
72485494306,Lola,PHILLIPS,1963-09-26,kobieta
69029737838,Clementine,EVANS,1962-08-15,kobieta
79758294326,Charlie,TURNER,1964-08-31,kobieta
70139858189,Howard,TORRES,1993-06-12,mezczyzna
43968763070,Bernadine,PARKER,1962-08-20,kobieta
82187555292,Myrtle,COLLINS,1969-12-08,mezczyzna
11473462187,Raymond,EDWARDS,1960-01-23,mezczyzna
96702205774,Clem,STEWART,1978-10-28,mezczyzna
61247089618,Giles,FLORES,1974-03-19,mezczyzna
78375440696,Randall,MORRIS,1978-11-13,mezczyzna
25886915510,Georgene,NGUYEN,1982-01-04,kobieta
73240094881,Nonie,MURPHY,2000-02-10,kobieta
30713138431,Chris,RIVERA,2000-07-19,mezczyzna
50192896667,Jesse,COOK,1993-10-02,kobieta
29866041066,Charity,ROGERS,2000-09-04,kobieta
85470776207,Kathy,MORGAN,1996-07-10,kobieta
53407772616,Nonie,PETERSON,1995-08-01,kobieta
13776129464,Aaron,COOPER,1980-10-04,mezczyzna
80718999908,Angelo,REED,1969-05-21,mezczyzna
27133455820,Deon,BAILEY,1987-12-04,mezczyzna
14110421284,Mathew,BELL,1990-12-22,mezczyzna
23964435301,Dusty,GOMEZ,1966-03-29,mezczyzna
98954150866,Brad,KELLY,1967-01-03,mezczyzna
99810710297,John,HOWARD,1992-10-18,mezczyzna
60054956103,Anna,WARD,1991-01-26,kobieta
79602577877,Shelba,COX,1992-07-14,kobieta
96778964657,Phylis,DIAZ,1985-05-19,kobieta
81052643487,Ronald,RICHARDSON,1977-03-25,mezczyzna
92195421838,Vicky,WOOD,1978-04-04,kobieta
82076395941,Ursula,WATSON,1971-12-04,kobieta
64741257319,Izola,BROOKS,1976-01-08,kobieta
24949923966,Donna,BENNETT,1990-11-26,kobieta
78906242954,Roslyn,GRAY,1982-06-01,kobieta
16136624784,Kenya,JAMES,1991-12-09,mezczyzna
84449444446,Catherine,REYES,1975-10-30,kobieta
34579746585,Phillip,CRUZ,1964-11-28,mezczyzna
69826066194,Minerva,HUGHES,1995-12-17,kobieta
93199191260,Christopher,PRICE,1990-10-08,mezczyzna
20392883738,Chrystal,MYERS,1999-11-24,kobieta
54380986971,Mervin,LONG,2000-04-11,mezczyzna
26640313037,Sophia,FOSTER,1992-11-24,kobieta
66745336209,Arnold,SANDERS,1970-01-29,mezczyzna
23653067543,Evalyn,ROSS,1986-04-07,kobieta
96312144008,Rosa,MORALES,1989-05-31,kobieta
49379459486,Lola,POWELL,1977-12-11,kobieta
25935333990,Glenwood,SULLIVAN,1993-09-25,mezczyzna
91848420306,Christin,RUSSELL,1978-05-17,kobieta
76312615958,Freeman,ORTIZ,1970-03-11,mezczyzna
18383759898,Brayan,JENKINS,1967-08-26,mezczyzna
14353221878,Finis,GUTIERREZ,1971-01-29,mezczyzna
19651755989,Catrina,PERRY,1971-04-03,kobieta
44605979998,Jeannette,BUTLER,1971-10-04,kobieta
20781571579,Loretto,BARNES,1985-03-24,kobieta
41821696733,Nikki,FISHER,1992-12-13,kobieta
78944610696,Sherry,HENDERSON,2000-07-15,kobieta
99313354408,Marilee,COLEMAN,1998-02-17,kobieta
16473954187,Truman,SIMMONS,1980-04-15,mezczyzna
50197536731,Zion,PATTERSON,1991-12-07,mezczyzna
57091887034,Brock,JORDAN,1972-02-28,mezczyzna
87193444735,Estella,REYNOLDS,1964-10-20,kobieta
21307994778,Troy,HAMILTON,1994-09-04,mezczyzna
40627811826,Lynn,GRAHAM,1985-05-29,mezczyzna
65569564989,Helena,KIM,1998-08-25,kobieta
91994884155,Joann,GONZALES,1991-01-26,kobieta
76553275409,Earnestine,ALEXANDER,1974-07-17,kobieta
62646361437,Roberto,RAMOS,1965-04-29,mezczyzna
25279253656,Winfred,WALLACE,1993-10-03,mezczyzna
46371663108,Turner,GRIFFIN,1983-01-23,mezczyzna
64353292089,Irvin,WEST,1977-10-28,mezczyzna
89916434072,Tracy,COLE,1961-01-16,mezczyzna
82998629561,Wilford,HAYES,1982-05-26,mezczyzna
21660859825,Caesar,CHAVEZ,1995-04-07,mezczyzna
71963079470,Armando,GIBSON,1974-12-10,mezczyzna
11439053445,Price,BRYANT,1974-10-17,mezczyzna
43624742823,Dulce,ELLIS,1975-11-13,kobieta
22111757985,Morgan,STEVENS,1990-08-26,kobieta
49918275127,Ty,MURRAY,1990-12-18,mezczyzna
13169842866,Murray,FORD,1984-12-02,mezczyzna
15210217321,Oliver,MARSHALL,1992-12-30,mezczyzna
72180630090,Mel,OWENS,1966-07-16,mezczyzna
28302509514,Alma,MCDONALD,1961-09-06,kobieta
62010799923,Danny,HARRISON,1985-09-21,mezczyzna
20126178123,Preston,RUIZ,1975-09-11,mezczyzna
93938532442,Ernest,KENNEDY,1995-06-04,mezczyzna
75040242260,Maymie,WELLS,1987-06-03,kobieta
60786361491,Vincent,ALVAREZ,1968-02-21,mezczyzna
42180856799,Martin,WOODS,1981-11-17,mezczyzna
14218287589,Eldon,MENDOZA,1983-06-05,mezczyzna
44126356409,Bessie,CASTILLO,1980-02-16,mezczyzna
12597078928,Birtha,OLSON,1982-10-26,kobieta
22484214127,Carlos,WEBB,1988-09-15,mezczyzna
78387828010,Julia,WASHINGTON,1960-09-09,kobieta
24882583400,Emmit,TUCKER,1973-09-27,mezczyzna
29066623156,Asher,FREEMAN,1986-06-26,mezczyzna
31627732380,Lydia,BURNS,1973-06-01,kobieta
54880891883,Delma,HENRY,1963-07-27,kobieta
97474858695,Connie,VASQUEZ,1987-06-03,mezczyzna
96710179712,Wyatt,SNYDER,1962-03-21,mezczyzna
23424007711,Howell,SIMPSON,1969-02-06,mezczyzna
24888903718,Caleb,CRAWFORD,1987-11-15,mezczyzna
62950451595,Jerri,JIMENEZ,1993-09-11,kobieta
11336689596,Terrence,PORTER,1971-09-22,mezczyzna
41705968895,Maryanne,MASON,1961-03-31,kobieta
95842501357,Aubrey,SHAW,1972-07-28,mezczyzna
20027414302,Iola,GORDON,1960-02-17,kobieta
50314689294,Belen,WAGNER,1984-07-28,kobieta
76723830583,Marion,HUNTER,1981-11-24,mezczyzna
85152825688,Lucian,ROMERO,1967-12-10,mezczyzna
64065212227,Charlton,HICKS,1985-10-10,mezczyzna
56653335083,Gerard,DIXON,1969-08-24,mezczyzna
86254298870,Alyssa,HUNT,1991-06-09,kobieta
55028515526,Sydney,PALMER,1992-01-29,mezczyzna
91373649334,Margie,ROBERTSON,1999-07-28,kobieta
41644256335,Alida,BLACK,1986-12-16,kobieta
40640264857,Marietta,HOLMES,1987-09-22,kobieta
85479187395,Emilio,STONE,1977-05-02,mezczyzna
43329974756,Leander,MEYER,1979-10-16,mezczyzna
70578750979,Kristine,BOYD,1992-01-01,kobieta
35640060190,Herminia,MILLS,1975-10-16,kobieta
38839101680,Thaddeus,WARREN,1964-09-21,mezczyzna
98134344540,Sterling,FOX,1972-08-09,mezczyzna
46593152111,Dorothy,ROSE,1976-07-03,mezczyzna
48212908877,Irene,RICE,1984-11-19,mezczyzna
19095252191,Micah,MORENO,1982-03-06,mezczyzna
86569385780,Harry,SCHMIDT,1964-12-22,mezczyzna
22713397648,Beth,PATEL,1997-06-15,kobieta
89645891664,Albertha,FERGUSON,1998-10-06,kobieta
71091554330,Geraldine,NICHOLS,1985-02-03,kobieta
35784160318,Gilbert,HERRERA,1974-12-05,mezczyzna
12037837427,Josie,MEDINA,1991-10-19,kobieta
53232297887,Ruby,RYAN,1962-05-10,kobieta
83202949911,Louis,FERNANDEZ,1998-05-18,mezczyzna
96830806884,Abraham,WEAVER,1978-12-11,mezczyzna
91379394826,Deidra,DANIELS,1998-01-15,kobieta
73383213163,Phoebe,STEPHENS,1960-01-09,kobieta
40991726993,Marian,GARDNER,1971-09-07,kobieta
38974894222,Mahala,PAYNE,1976-06-10,kobieta
94571874627,Janine,KELLEY,1960-03-15,kobieta
44702925996,Bedford,DUNN,1968-05-05,mezczyzna
41319024390,Kathrine,PIERCE,1983-02-03,kobieta
58824493634,Renea,ARNOLD,1966-11-26,kobieta
39592304484,Bridget,TRAN,1965-04-17,kobieta
31474830135,Giles,SPENCER,1996-08-20,mezczyzna
32440967330,Dorthy,PETERS,1968-12-22,kobieta
63736650477,Theo,HAWKINS,1990-03-22,kobieta
74602282200,Jeff,GRANT,1976-03-04,mezczyzna
87800005353,Leora,HANSEN,1994-09-12,kobieta
30454054958,Blanch,CASTRO,1993-11-15,kobieta
71376744338,Sherrie,HOFFMAN,1969-06-25,kobieta
96625789205,Kyla,HART,1979-03-19,kobieta
67523825627,Sibyl,ELLIOTT,1972-10-09,kobieta
27454483496,Emmet,CUNNINGHAM,1993-10-26,mezczyzna
74961687583,Margarita,KNIGHT,1969-01-16,kobieta
30637186811,Morris,BRADLEY,1978-07-20,mezczyzna
24990436372,Ursula,CARROLL,1988-10-22,kobieta
17594517619,Joseph,HUDSON,1994-05-22,kobieta
86236664160,Joyce,DUNCAN,1973-07-17,kobieta
59057366104,Phillip,ARMSTRONG,1994-03-29,mezczyzna
30834754584,Charlotte,BERRY,1960-07-11,kobieta
92257350488,Janae,ANDREWS,1964-09-01,kobieta
46680348088,Marcelle,JOHNSTON,1977-07-26,kobieta
19387850979,Mittie,RAY,1981-04-24,kobieta
24106750442,Suzette,LANE,1965-05-25,kobieta
94267040574,Brennen,RILEY,1972-01-09,mezczyzna
95342580694,Christopher,CARPENTER,1977-09-02,mezczyzna
32983908906,Kyla,PERKINS,1962-01-19,kobieta
51219309309,Alphonso,AGUILAR,1995-04-22,mezczyzna
87936523165,Riley,SILVA,1991-07-12,mezczyzna
30924992863,Alonzo,RICHARDS,1972-04-08,mezczyzna
20337981638,Ursula,WILLIS,1990-11-07,kobieta
88210751596,Madeline,MATTHEWS,1977-06-15,kobieta
90941070793,Barney,CHAPMAN,1978-08-31,mezczyzna
99550845017,Brandt,LAWRENCE,1981-03-01,mezczyzna
12053216577,Clementine,GARZA,1960-06-11,kobieta
80979898310,Galen,VARGAS,1963-06-03,mezczyzna
31695699968,Jane,WATKINS,1987-07-09,kobieta
58530662138,Queen,WHEELER,1999-04-10,kobieta
11866974856,Ella,LARSON,1970-11-14,kobieta
90746107755,Ryne,CARLSON,1967-04-09,mezczyzna
52987956377,Kenneth,HARPER,1974-04-22,mezczyzna
92639698102,Elaine,GEORGE,1981-07-08,kobieta
78683160593,Luther,GREENE,1983-07-08,mezczyzna
14527436322,Lucretia,BURKE,1997-12-15,kobieta
68990811608,Jeffry,GUZMAN,1991-08-15,mezczyzna
